<?xml version="1.0" encoding="UTF-8"?>
<gpx creator="Insta360 Studio" version="1.1" xmlns="http://www.topografix.com/GPX/1/1">
  <metadata>
    <link href="https://www.insta360.com">
      <text>Insta360 GPS Dashboard</text>
    </link>
    <time>2026-07-26T10:45:56Z</time>
    <bounds maxlat="59.931863265730946" maxlon="10.731854285575618" minlat="59.917512193910923" minlon="10.708244709754389"/>
  </metadata>
  <trk>
    <name>Insta360 GPS Data</name>
    <trkseg>
      <trkpt lat="59.922181654259148" lon="10.731854285575618">
        <ele>111.745</ele>
        <time>2026-07-26T09:04:18Z</time>
      </trkpt>
      <trkpt lat="59.922181657298296" lon="10.731854277524848">
        <ele>111.744</ele>
        <time>2026-07-26T09:04:58Z</time>
      </trkpt>
      <trkpt lat="59.922181741465543" lon="10.731854098652347">
        <ele>111.734</ele>
        <time>2026-07-26T09:05:00Z</time>
      </trkpt>
      <trkpt lat="59.922182298930224" lon="10.731853063748089">
        <ele>111.678</ele>
        <time>2026-07-26T09:05:02Z</time>
      </trkpt>
      <trkpt lat="59.922184187183326" lon="10.731849754731515">
        <ele>111.527</ele>
        <time>2026-07-26T09:05:04Z</time>
      </trkpt>
      <trkpt lat="59.922188747656421" lon="10.731842342131205">
        <ele>111.234</ele>
        <time>2026-07-26T09:05:05Z</time>
      </trkpt>
      <trkpt lat="59.922197532780039" lon="10.731829169352601">
        <ele>110.76</ele>
        <time>2026-07-26T09:05:06Z</time>
      </trkpt>
      <trkpt lat="59.92221186505585" lon="10.731810661285017">
        <ele>110.104</ele>
        <time>2026-07-26T09:05:07Z</time>
      </trkpt>
      <trkpt lat="59.922231555640451" lon="10.731787881179805">
        <ele>109.354</ele>
        <time>2026-07-26T09:05:08Z</time>
      </trkpt>
      <trkpt lat="59.922254602342434" lon="10.731761429919313">
        <ele>108.825</ele>
        <time>2026-07-26T09:05:13Z</time>
      </trkpt>
      <trkpt lat="59.92227913896884" lon="10.731736870069183">
        <ele>108.381</ele>
        <time>2026-07-26T09:05:14Z</time>
      </trkpt>
      <trkpt lat="59.92230374276545" lon="10.731716788010385">
        <ele>108.102</ele>
        <time>2026-07-26T09:05:16Z</time>
      </trkpt>
      <trkpt lat="59.922326951710467" lon="10.731701139866738">
        <ele>107.776</ele>
        <time>2026-07-26T09:05:18Z</time>
      </trkpt>
      <trkpt lat="59.922347874079932" lon="10.731690866139454">
        <ele>107.523</ele>
        <time>2026-07-26T09:05:20Z</time>
      </trkpt>
      <trkpt lat="59.922368186841744" lon="10.731686552709347">
        <ele>107.282</ele>
        <time>2026-07-26T09:05:21Z</time>
      </trkpt>
      <trkpt lat="59.922390944661593" lon="10.73169065339199">
        <ele>107.079</ele>
        <time>2026-07-26T09:05:22Z</time>
      </trkpt>
      <trkpt lat="59.922415696745091" lon="10.731699579452787">
        <ele>106.893</ele>
        <time>2026-07-26T09:05:23Z</time>
      </trkpt>
      <trkpt lat="59.922443604863759" lon="10.731710829204699">
        <ele>106.689</ele>
        <time>2026-07-26T09:05:24Z</time>
      </trkpt>
      <trkpt lat="59.922476825616208" lon="10.731722517537456">
        <ele>106.705</ele>
        <time>2026-07-26T09:05:25Z</time>
      </trkpt>
      <trkpt lat="59.922513857735275" lon="10.731734848068898">
        <ele>106.694</ele>
        <time>2026-07-26T09:05:26Z</time>
      </trkpt>
      <trkpt lat="59.922551806381733" lon="10.731746144108744">
        <ele>106.697</ele>
        <time>2026-07-26T09:05:27Z</time>
      </trkpt>
      <trkpt lat="59.922595741504097" lon="10.731756106392556">
        <ele>106.719</ele>
        <time>2026-07-26T09:05:28Z</time>
      </trkpt>
      <trkpt lat="59.92264229131812" lon="10.731764926588893">
        <ele>106.767</ele>
        <time>2026-07-26T09:05:29Z</time>
      </trkpt>
      <trkpt lat="59.922691191990808" lon="10.73177043891009">
        <ele>106.826</ele>
        <time>2026-07-26T09:05:30Z</time>
      </trkpt>
      <trkpt lat="59.922746297890555" lon="10.731779055552284">
        <ele>106.786</ele>
        <time>2026-07-26T09:05:31Z</time>
      </trkpt>
      <trkpt lat="59.922804324210951" lon="10.731786816581335">
        <ele>106.702</ele>
        <time>2026-07-26T09:05:32Z</time>
      </trkpt>
      <trkpt lat="59.922863051778677" lon="10.731787201435415">
        <ele>106.557</ele>
        <time>2026-07-26T09:05:33Z</time>
      </trkpt>
      <trkpt lat="59.922921691476034" lon="10.731781359449576">
        <ele>106.348</ele>
        <time>2026-07-26T09:05:34Z</time>
      </trkpt>
      <trkpt lat="59.922979866097386" lon="10.731768216630106">
        <ele>106.035</ele>
        <time>2026-07-26T09:05:35Z</time>
      </trkpt>
      <trkpt lat="59.923037162934655" lon="10.731753013077251">
        <ele>105.761</ele>
        <time>2026-07-26T09:05:36Z</time>
      </trkpt>
      <trkpt lat="59.923093162862827" lon="10.731736720322459">
        <ele>105.487</ele>
        <time>2026-07-26T09:05:37Z</time>
      </trkpt>
      <trkpt lat="59.92314698456417" lon="10.731718932606551">
        <ele>105.218</ele>
        <time>2026-07-26T09:05:38Z</time>
      </trkpt>
      <trkpt lat="59.923198384888558" lon="10.731699807558458">
        <ele>104.959</ele>
        <time>2026-07-26T09:05:39Z</time>
      </trkpt>
      <trkpt lat="59.923246707757883" lon="10.731680574529191">
        <ele>104.682</ele>
        <time>2026-07-26T09:05:40Z</time>
      </trkpt>
      <trkpt lat="59.923292294449112" lon="10.731660282474538">
        <ele>104.467</ele>
        <time>2026-07-26T09:05:41Z</time>
      </trkpt>
      <trkpt lat="59.923336166166884" lon="10.731637092380788">
        <ele>104.287</ele>
        <time>2026-07-26T09:05:42Z</time>
      </trkpt>
      <trkpt lat="59.923377832777994" lon="10.731612368765839">
        <ele>104.149</ele>
        <time>2026-07-26T09:05:43Z</time>
      </trkpt>
      <trkpt lat="59.923416372728227" lon="10.731587302578648">
        <ele>104.008</ele>
        <time>2026-07-26T09:05:44Z</time>
      </trkpt>
      <trkpt lat="59.92344821653591" lon="10.731564359852181">
        <ele>103.94</ele>
        <time>2026-07-26T09:05:45Z</time>
      </trkpt>
      <trkpt lat="59.923472216536986" lon="10.731542934760698">
        <ele>103.924</ele>
        <time>2026-07-26T09:05:46Z</time>
      </trkpt>
      <trkpt lat="59.92349480025127" lon="10.731515085026119">
        <ele>103.856</ele>
        <time>2026-07-26T09:05:47Z</time>
      </trkpt>
      <trkpt lat="59.923513324799892" lon="10.731482088285523">
        <ele>103.84</ele>
        <time>2026-07-26T09:05:48Z</time>
      </trkpt>
      <trkpt lat="59.923526647741284" lon="10.731445930601778">
        <ele>103.848</ele>
        <time>2026-07-26T09:05:49Z</time>
      </trkpt>
      <trkpt lat="59.923533708278896" lon="10.731407931883037">
        <ele>103.8</ele>
        <time>2026-07-26T09:05:50Z</time>
      </trkpt>
      <trkpt lat="59.923535886135859" lon="10.731371014264154">
        <ele>103.742</ele>
        <time>2026-07-26T09:05:51Z</time>
      </trkpt>
      <trkpt lat="59.923538284254576" lon="10.731333584069308">
        <ele>103.693</ele>
        <time>2026-07-26T09:05:53Z</time>
      </trkpt>
      <trkpt lat="59.923541542903145" lon="10.731303825579507">
        <ele>103.578</ele>
        <time>2026-07-26T09:05:54Z</time>
      </trkpt>
      <trkpt lat="59.923547247892905" lon="10.731284561415325">
        <ele>103.455</ele>
        <time>2026-07-26T09:05:55Z</time>
      </trkpt>
      <trkpt lat="59.923553043782171" lon="10.731274616733439">
        <ele>103.456</ele>
        <time>2026-07-26T09:05:56Z</time>
      </trkpt>
      <trkpt lat="59.923557449314359" lon="10.731273684293068">
        <ele>103.53</ele>
        <time>2026-07-26T09:05:58Z</time>
      </trkpt>
      <trkpt lat="59.923560402448281" lon="10.731281085580987">
        <ele>103.594</ele>
        <time>2026-07-26T09:06:00Z</time>
      </trkpt>
      <trkpt lat="59.923564356585167" lon="10.731292280306688">
        <ele>103.671</ele>
        <time>2026-07-26T09:06:02Z</time>
      </trkpt>
      <trkpt lat="59.923570068607788" lon="10.731301932161665">
        <ele>103.879</ele>
        <time>2026-07-26T09:06:03Z</time>
      </trkpt>
      <trkpt lat="59.923578273834352" lon="10.731303010527018">
        <ele>104.077</ele>
        <time>2026-07-26T09:06:04Z</time>
      </trkpt>
      <trkpt lat="59.923590024789348" lon="10.731295181855119">
        <ele>104.305</ele>
        <time>2026-07-26T09:06:05Z</time>
      </trkpt>
      <trkpt lat="59.923604743864558" lon="10.731278013410495">
        <ele>104.534</ele>
        <time>2026-07-26T09:06:06Z</time>
      </trkpt>
      <trkpt lat="59.923621959090433" lon="10.731252622511812">
        <ele>104.721</ele>
        <time>2026-07-26T09:06:07Z</time>
      </trkpt>
      <trkpt lat="59.923640683570234" lon="10.731221567745353">
        <ele>104.858</ele>
        <time>2026-07-26T09:06:08Z</time>
      </trkpt>
      <trkpt lat="59.923661176247109" lon="10.731182596334746">
        <ele>105.018</ele>
        <time>2026-07-26T09:06:09Z</time>
      </trkpt>
      <trkpt lat="59.923683113955413" lon="10.731136967144531">
        <ele>105.274</ele>
        <time>2026-07-26T09:06:10Z</time>
      </trkpt>
      <trkpt lat="59.92370545064302" lon="10.731086969024775">
        <ele>105.588</ele>
        <time>2026-07-26T09:06:11Z</time>
      </trkpt>
      <trkpt lat="59.92372796517958" lon="10.731033743443463">
        <ele>105.843</ele>
        <time>2026-07-26T09:06:12Z</time>
      </trkpt>
      <trkpt lat="59.923750896775495" lon="10.730975813719077">
        <ele>106.062</ele>
        <time>2026-07-26T09:06:13Z</time>
      </trkpt>
      <trkpt lat="59.923773412511999" lon="10.73091506546826">
        <ele>106.195</ele>
        <time>2026-07-26T09:06:14Z</time>
      </trkpt>
      <trkpt lat="59.923795335798374" lon="10.730855340380902">
        <ele>106.298</ele>
        <time>2026-07-26T09:06:15Z</time>
      </trkpt>
      <trkpt lat="59.92381711023387" lon="10.73079384539326">
        <ele>106.355</ele>
        <time>2026-07-26T09:06:16Z</time>
      </trkpt>
      <trkpt lat="59.923839494231096" lon="10.730731189163052">
        <ele>106.437</ele>
        <time>2026-07-26T09:06:17Z</time>
      </trkpt>
      <trkpt lat="59.923862337461458" lon="10.730668180909003">
        <ele>106.711</ele>
        <time>2026-07-26T09:06:18Z</time>
      </trkpt>
      <trkpt lat="59.923887227948349" lon="10.730604318242108">
        <ele>106.997</ele>
        <time>2026-07-26T09:06:19Z</time>
      </trkpt>
      <trkpt lat="59.923910475361843" lon="10.730545075870776">
        <ele>107.377</ele>
        <time>2026-07-26T09:06:20Z</time>
      </trkpt>
      <trkpt lat="59.923929948484236" lon="10.730494602752598">
        <ele>107.773</ele>
        <time>2026-07-26T09:06:21Z</time>
      </trkpt>
      <trkpt lat="59.923949704991756" lon="10.730450578000962">
        <ele>108.094</ele>
        <time>2026-07-26T09:06:22Z</time>
      </trkpt>
      <trkpt lat="59.923970186880396" lon="10.7304047973668">
        <ele>108.38</ele>
        <time>2026-07-26T09:06:23Z</time>
      </trkpt>
      <trkpt lat="59.923991615942448" lon="10.730358482721705">
        <ele>108.651</ele>
        <time>2026-07-26T09:06:24Z</time>
      </trkpt>
      <trkpt lat="59.924012953972273" lon="10.730308313150559">
        <ele>109.033</ele>
        <time>2026-07-26T09:06:25Z</time>
      </trkpt>
      <trkpt lat="59.924032820436594" lon="10.730256111238649">
        <ele>109.48</ele>
        <time>2026-07-26T09:06:26Z</time>
      </trkpt>
      <trkpt lat="59.924051624351421" lon="10.730201873058713">
        <ele>109.98</ele>
        <time>2026-07-26T09:06:27Z</time>
      </trkpt>
      <trkpt lat="59.924069802879494" lon="10.730146928157644">
        <ele>110.521</ele>
        <time>2026-07-26T09:06:28Z</time>
      </trkpt>
      <trkpt lat="59.924087315810084" lon="10.730090335344405">
        <ele>110.964</ele>
        <time>2026-07-26T09:06:29Z</time>
      </trkpt>
      <trkpt lat="59.924105046765526" lon="10.730032703722136">
        <ele>111.452</ele>
        <time>2026-07-26T09:06:30Z</time>
      </trkpt>
      <trkpt lat="59.92412290426126" lon="10.729974047529275">
        <ele>111.853</ele>
        <time>2026-07-26T09:06:31Z</time>
      </trkpt>
      <trkpt lat="59.924140728671532" lon="10.729914864288787">
        <ele>112.154</ele>
        <time>2026-07-26T09:06:32Z</time>
      </trkpt>
      <trkpt lat="59.92415437793975" lon="10.729856890909419">
        <ele>112.324</ele>
        <time>2026-07-26T09:06:33Z</time>
      </trkpt>
      <trkpt lat="59.924166426137681" lon="10.729803189106809">
        <ele>112.487</ele>
        <time>2026-07-26T09:06:34Z</time>
      </trkpt>
      <trkpt lat="59.924176430086639" lon="10.729755594888228">
        <ele>112.654</ele>
        <time>2026-07-26T09:06:35Z</time>
      </trkpt>
      <trkpt lat="59.924184227395699" lon="10.729713829571871">
        <ele>112.78</ele>
        <time>2026-07-26T09:06:36Z</time>
      </trkpt>
      <trkpt lat="59.924187310157528" lon="10.729680332244467">
        <ele>112.814</ele>
        <time>2026-07-26T09:06:38Z</time>
      </trkpt>
      <trkpt lat="59.924185189874237" lon="10.729656351499367">
        <ele>112.761</ele>
        <time>2026-07-26T09:06:39Z</time>
      </trkpt>
      <trkpt lat="59.92417808058088" lon="10.729644551689583">
        <ele>112.675</ele>
        <time>2026-07-26T09:06:40Z</time>
      </trkpt>
      <trkpt lat="59.924166654901079" lon="10.729642701511231">
        <ele>112.599</ele>
        <time>2026-07-26T09:06:41Z</time>
      </trkpt>
      <trkpt lat="59.924154349277323" lon="10.729652303314134">
        <ele>112.573</ele>
        <time>2026-07-26T09:06:42Z</time>
      </trkpt>
      <trkpt lat="59.924140538962362" lon="10.729673540526507">
        <ele>112.543</ele>
        <time>2026-07-26T09:06:43Z</time>
      </trkpt>
      <trkpt lat="59.924125180378155" lon="10.729708691988378">
        <ele>112.406</ele>
        <time>2026-07-26T09:06:44Z</time>
      </trkpt>
      <trkpt lat="59.924109121011782" lon="10.729754664999911">
        <ele>112.302</ele>
        <time>2026-07-26T09:06:45Z</time>
      </trkpt>
      <trkpt lat="59.924092737721267" lon="10.729807569932525">
        <ele>112.198</ele>
        <time>2026-07-26T09:06:46Z</time>
      </trkpt>
      <trkpt lat="59.924077155317079" lon="10.729871690374871">
        <ele>112.11</ele>
        <time>2026-07-26T09:06:47Z</time>
      </trkpt>
      <trkpt lat="59.92406129316133" lon="10.72994300257734">
        <ele>111.988</ele>
        <time>2026-07-26T09:06:48Z</time>
      </trkpt>
      <trkpt lat="59.924044983610784" lon="10.73001874530852">
        <ele>111.93</ele>
        <time>2026-07-26T09:06:49Z</time>
      </trkpt>
      <trkpt lat="59.9240271005864" lon="10.730098469620437">
        <ele>111.871</ele>
        <time>2026-07-26T09:06:50Z</time>
      </trkpt>
      <trkpt lat="59.92400726486629" lon="10.730181047728227">
        <ele>111.87</ele>
        <time>2026-07-26T09:06:51Z</time>
      </trkpt>
      <trkpt lat="59.923985540477673" lon="10.730264640672202">
        <ele>111.893</ele>
        <time>2026-07-26T09:06:52Z</time>
      </trkpt>
      <trkpt lat="59.923961173461002" lon="10.730341733060062">
        <ele>111.861</ele>
        <time>2026-07-26T09:06:53Z</time>
      </trkpt>
      <trkpt lat="59.923934237549716" lon="10.730406371034963">
        <ele>111.766</ele>
        <time>2026-07-26T09:06:54Z</time>
      </trkpt>
      <trkpt lat="59.923906065486946" lon="10.730450691533164">
        <ele>111.589</ele>
        <time>2026-07-26T09:06:55Z</time>
      </trkpt>
      <trkpt lat="59.923877520664888" lon="10.730477974126041">
        <ele>111.45</ele>
        <time>2026-07-26T09:06:56Z</time>
      </trkpt>
      <trkpt lat="59.923849897112461" lon="10.730489142695991">
        <ele>111.33</ele>
        <time>2026-07-26T09:06:57Z</time>
      </trkpt>
      <trkpt lat="59.923822644423389" lon="10.730486365574253">
        <ele>111.213</ele>
        <time>2026-07-26T09:06:58Z</time>
      </trkpt>
      <trkpt lat="59.923793092303498" lon="10.73046861171351">
        <ele>111.11</ele>
        <time>2026-07-26T09:06:59Z</time>
      </trkpt>
      <trkpt lat="59.923762777414829" lon="10.730439584762653">
        <ele>110.936</ele>
        <time>2026-07-26T09:07:00Z</time>
      </trkpt>
      <trkpt lat="59.923732272250788" lon="10.73040368907666">
        <ele>110.807</ele>
        <time>2026-07-26T09:07:01Z</time>
      </trkpt>
      <trkpt lat="59.923702577938727" lon="10.730364441064799">
        <ele>110.702</ele>
        <time>2026-07-26T09:07:02Z</time>
      </trkpt>
      <trkpt lat="59.923674252232594" lon="10.730324282624823">
        <ele>110.631</ele>
        <time>2026-07-26T09:07:03Z</time>
      </trkpt>
      <trkpt lat="59.92364536208418" lon="10.730283003316153">
        <ele>110.58</ele>
        <time>2026-07-26T09:07:04Z</time>
      </trkpt>
      <trkpt lat="59.923617369755277" lon="10.730239807040322">
        <ele>110.568</ele>
        <time>2026-07-26T09:07:05Z</time>
      </trkpt>
      <trkpt lat="59.923589822399549" lon="10.73019721333268">
        <ele>110.612</ele>
        <time>2026-07-26T09:07:06Z</time>
      </trkpt>
      <trkpt lat="59.923563080420138" lon="10.730154521082417">
        <ele>110.71</ele>
        <time>2026-07-26T09:07:07Z</time>
      </trkpt>
      <trkpt lat="59.923536743307274" lon="10.730110569770646">
        <ele>110.701</ele>
        <time>2026-07-26T09:07:08Z</time>
      </trkpt>
      <trkpt lat="59.923511752881339" lon="10.730066683724838">
        <ele>110.681</ele>
        <time>2026-07-26T09:07:09Z</time>
      </trkpt>
      <trkpt lat="59.923487007114204" lon="10.730024680035998">
        <ele>110.591</ele>
        <time>2026-07-26T09:07:10Z</time>
      </trkpt>
      <trkpt lat="59.923461176501256" lon="10.729981953323186">
        <ele>110.482</ele>
        <time>2026-07-26T09:07:11Z</time>
      </trkpt>
      <trkpt lat="59.923432604403878" lon="10.729936040490928">
        <ele>110.352</ele>
        <time>2026-07-26T09:07:12Z</time>
      </trkpt>
      <trkpt lat="59.923402388281566" lon="10.729888276349255">
        <ele>110.151</ele>
        <time>2026-07-26T09:07:13Z</time>
      </trkpt>
      <trkpt lat="59.923370792961563" lon="10.729838865597962">
        <ele>109.878</ele>
        <time>2026-07-26T09:07:14Z</time>
      </trkpt>
      <trkpt lat="59.92333805203365" lon="10.729787413435515">
        <ele>109.541</ele>
        <time>2026-07-26T09:07:15Z</time>
      </trkpt>
      <trkpt lat="59.92330524379765" lon="10.729735434538439">
        <ele>109.273</ele>
        <time>2026-07-26T09:07:16Z</time>
      </trkpt>
      <trkpt lat="59.923273952448817" lon="10.729684295669356">
        <ele>109.118</ele>
        <time>2026-07-26T09:07:17Z</time>
      </trkpt>
      <trkpt lat="59.923244575142007" lon="10.72963453775758">
        <ele>108.996</ele>
        <time>2026-07-26T09:07:18Z</time>
      </trkpt>
      <trkpt lat="59.923217652000595" lon="10.729585472240952">
        <ele>108.912</ele>
        <time>2026-07-26T09:07:19Z</time>
      </trkpt>
      <trkpt lat="59.923192904328815" lon="10.72952694025364">
        <ele>108.806</ele>
        <time>2026-07-26T09:07:20Z</time>
      </trkpt>
      <trkpt lat="59.923169146817528" lon="10.729464057987151">
        <ele>108.656</ele>
        <time>2026-07-26T09:07:21Z</time>
      </trkpt>
      <trkpt lat="59.923147396153141" lon="10.729399625111016">
        <ele>108.396</ele>
        <time>2026-07-26T09:07:22Z</time>
      </trkpt>
      <trkpt lat="59.923129422923786" lon="10.729335088063923">
        <ele>108.229</ele>
        <time>2026-07-26T09:07:23Z</time>
      </trkpt>
      <trkpt lat="59.923118212145091" lon="10.729271345976953">
        <ele>108.041</ele>
        <time>2026-07-26T09:07:24Z</time>
      </trkpt>
      <trkpt lat="59.923117485401036" lon="10.729206781985232">
        <ele>107.784</ele>
        <time>2026-07-26T09:07:25Z</time>
      </trkpt>
      <trkpt lat="59.92312527370192" lon="10.729145786742798">
        <ele>107.568</ele>
        <time>2026-07-26T09:07:26Z</time>
      </trkpt>
      <trkpt lat="59.923143969621037" lon="10.729086147276904">
        <ele>107.656</ele>
        <time>2026-07-26T09:07:27Z</time>
      </trkpt>
      <trkpt lat="59.923169875330395" lon="10.729031037800159">
        <ele>107.675</ele>
        <time>2026-07-26T09:07:27Z</time>
      </trkpt>
      <trkpt lat="59.923200695626477" lon="10.728981107760944">
        <ele>107.626</ele>
        <time>2026-07-26T09:07:28Z</time>
      </trkpt>
      <trkpt lat="59.923236436457749" lon="10.728934501991771">
        <ele>107.63</ele>
        <time>2026-07-26T09:07:29Z</time>
      </trkpt>
      <trkpt lat="59.923275890126313" lon="10.728889546682403">
        <ele>107.654</ele>
        <time>2026-07-26T09:07:30Z</time>
      </trkpt>
      <trkpt lat="59.923318100894861" lon="10.728845492047494">
        <ele>107.675</ele>
        <time>2026-07-26T09:07:31Z</time>
      </trkpt>
      <trkpt lat="59.923362236974981" lon="10.728801124673724">
        <ele>107.675</ele>
        <time>2026-07-26T09:07:32Z</time>
      </trkpt>
      <trkpt lat="59.923407864547443" lon="10.72875642437254">
        <ele>107.628</ele>
        <time>2026-07-26T09:07:33Z</time>
      </trkpt>
      <trkpt lat="59.923454397207131" lon="10.728713971641032">
        <ele>107.573</ele>
        <time>2026-07-26T09:07:34Z</time>
      </trkpt>
      <trkpt lat="59.923501777908044" lon="10.728672726183573">
        <ele>107.478</ele>
        <time>2026-07-26T09:07:35Z</time>
      </trkpt>
      <trkpt lat="59.923548060604169" lon="10.728631494681089">
        <ele>107.446</ele>
        <time>2026-07-26T09:07:36Z</time>
      </trkpt>
      <trkpt lat="59.923593981737142" lon="10.728590076659385">
        <ele>107.353</ele>
        <time>2026-07-26T09:07:37Z</time>
      </trkpt>
      <trkpt lat="59.923639208959365" lon="10.728548779272675">
        <ele>107.268</ele>
        <time>2026-07-26T09:07:38Z</time>
      </trkpt>
      <trkpt lat="59.923683263254397" lon="10.728509241279147">
        <ele>107.165</ele>
        <time>2026-07-26T09:07:39Z</time>
      </trkpt>
      <trkpt lat="59.92372523748147" lon="10.728471797366856">
        <ele>107.091</ele>
        <time>2026-07-26T09:07:40Z</time>
      </trkpt>
      <trkpt lat="59.923765236822774" lon="10.72843682381991">
        <ele>107.009</ele>
        <time>2026-07-26T09:07:41Z</time>
      </trkpt>
      <trkpt lat="59.923802743055717" lon="10.728403795123111">
        <ele>106.934</ele>
        <time>2026-07-26T09:07:42Z</time>
      </trkpt>
      <trkpt lat="59.923838753545837" lon="10.728369716885869">
        <ele>106.96</ele>
        <time>2026-07-26T09:07:43Z</time>
      </trkpt>
      <trkpt lat="59.92387350680346" lon="10.728334711288323">
        <ele>106.985</ele>
        <time>2026-07-26T09:07:44Z</time>
      </trkpt>
      <trkpt lat="59.923906541200033" lon="10.728301297425437">
        <ele>107.031</ele>
        <time>2026-07-26T09:07:45Z</time>
      </trkpt>
      <trkpt lat="59.923937357241712" lon="10.728270704035124">
        <ele>107.072</ele>
        <time>2026-07-26T09:07:46Z</time>
      </trkpt>
      <trkpt lat="59.923965752141427" lon="10.72824157951708">
        <ele>107.149</ele>
        <time>2026-07-26T09:07:47Z</time>
      </trkpt>
      <trkpt lat="59.923991034931007" lon="10.728212481848647">
        <ele>107.223</ele>
        <time>2026-07-26T09:07:48Z</time>
      </trkpt>
      <trkpt lat="59.924014003497255" lon="10.728181730892485">
        <ele>107.295</ele>
        <time>2026-07-26T09:07:49Z</time>
      </trkpt>
      <trkpt lat="59.924033474250521" lon="10.728150222293028">
        <ele>107.334</ele>
        <time>2026-07-26T09:07:50Z</time>
      </trkpt>
      <trkpt lat="59.924049091922633" lon="10.728115466136096">
        <ele>107.331</ele>
        <time>2026-07-26T09:07:51Z</time>
      </trkpt>
      <trkpt lat="59.924056463996884" lon="10.728066807394518">
        <ele>107.267</ele>
        <time>2026-07-26T09:07:52Z</time>
      </trkpt>
      <trkpt lat="59.924053328301476" lon="10.728010919687755">
        <ele>107.097</ele>
        <time>2026-07-26T09:07:53Z</time>
      </trkpt>
      <trkpt lat="59.924041512313117" lon="10.727949834757812">
        <ele>106.936</ele>
        <time>2026-07-26T09:07:54Z</time>
      </trkpt>
      <trkpt lat="59.924022281131407" lon="10.727888946003047">
        <ele>106.812</ele>
        <time>2026-07-26T09:07:55Z</time>
      </trkpt>
      <trkpt lat="59.923995241778805" lon="10.727823894958551">
        <ele>106.676</ele>
        <time>2026-07-26T09:07:56Z</time>
      </trkpt>
      <trkpt lat="59.923962269244342" lon="10.727756580626803">
        <ele>106.462</ele>
        <time>2026-07-26T09:07:57Z</time>
      </trkpt>
      <trkpt lat="59.923924626322929" lon="10.727687701249494">
        <ele>106.24</ele>
        <time>2026-07-26T09:07:58Z</time>
      </trkpt>
      <trkpt lat="59.923884291922235" lon="10.727618400127035">
        <ele>105.999</ele>
        <time>2026-07-26T09:07:59Z</time>
      </trkpt>
      <trkpt lat="59.923842301994299" lon="10.727547965947151">
        <ele>105.7</ele>
        <time>2026-07-26T09:08:00Z</time>
      </trkpt>
      <trkpt lat="59.923799285606059" lon="10.727477765703259">
        <ele>105.45</ele>
        <time>2026-07-26T09:08:01Z</time>
      </trkpt>
      <trkpt lat="59.923755014445689" lon="10.727405086889799">
        <ele>105.159</ele>
        <time>2026-07-26T09:08:02Z</time>
      </trkpt>
      <trkpt lat="59.923711285324551" lon="10.727330605539864">
        <ele>104.878</ele>
        <time>2026-07-26T09:08:03Z</time>
      </trkpt>
      <trkpt lat="59.923667900538099" lon="10.727255671081494">
        <ele>104.582</ele>
        <time>2026-07-26T09:08:04Z</time>
      </trkpt>
      <trkpt lat="59.923625852454059" lon="10.727180719955239">
        <ele>104.369</ele>
        <time>2026-07-26T09:08:05Z</time>
      </trkpt>
      <trkpt lat="59.923584761072888" lon="10.727106952488423">
        <ele>104.198</ele>
        <time>2026-07-26T09:08:06Z</time>
      </trkpt>
      <trkpt lat="59.923544842597558" lon="10.727033757535949">
        <ele>104.059</ele>
        <time>2026-07-26T09:08:07Z</time>
      </trkpt>
      <trkpt lat="59.923505667506703" lon="10.726961527334661">
        <ele>103.98</ele>
        <time>2026-07-26T09:08:08Z</time>
      </trkpt>
      <trkpt lat="59.923466913808809" lon="10.726888256106497">
        <ele>103.887</ele>
        <time>2026-07-26T09:08:09Z</time>
      </trkpt>
      <trkpt lat="59.92342911060129" lon="10.726814637645012">
        <ele>103.783</ele>
        <time>2026-07-26T09:08:10Z</time>
      </trkpt>
      <trkpt lat="59.923392833984586" lon="10.726742282137215">
        <ele>103.698</ele>
        <time>2026-07-26T09:08:11Z</time>
      </trkpt>
      <trkpt lat="59.923357900257564" lon="10.726672135631762">
        <ele>103.643</ele>
        <time>2026-07-26T09:08:12Z</time>
      </trkpt>
      <trkpt lat="59.923325056211972" lon="10.726604907120187">
        <ele>103.642</ele>
        <time>2026-07-26T09:08:13Z</time>
      </trkpt>
      <trkpt lat="59.923294622226599" lon="10.726541357169282">
        <ele>103.663</ele>
        <time>2026-07-26T09:08:14Z</time>
      </trkpt>
      <trkpt lat="59.923268269521834" lon="10.726481303079986">
        <ele>103.726</ele>
        <time>2026-07-26T09:08:15Z</time>
      </trkpt>
      <trkpt lat="59.923245799958586" lon="10.726424117068495">
        <ele>103.714</ele>
        <time>2026-07-26T09:08:16Z</time>
      </trkpt>
      <trkpt lat="59.92322656715659" lon="10.726372652473804">
        <ele>103.727</ele>
        <time>2026-07-26T09:08:17Z</time>
      </trkpt>
      <trkpt lat="59.923209557456389" lon="10.726327269270142">
        <ele>103.74</ele>
        <time>2026-07-26T09:08:18Z</time>
      </trkpt>
      <trkpt lat="59.923194860451964" lon="10.726286487879605">
        <ele>103.782</ele>
        <time>2026-07-26T09:08:19Z</time>
      </trkpt>
      <trkpt lat="59.923182852966335" lon="10.726253087168118">
        <ele>103.823</ele>
        <time>2026-07-26T09:08:20Z</time>
      </trkpt>
      <trkpt lat="59.923174388923556" lon="10.726228113449254">
        <ele>103.884</ele>
        <time>2026-07-26T09:08:21Z</time>
      </trkpt>
      <trkpt lat="59.923167689846949" lon="10.726207941261199">
        <ele>104.28</ele>
        <time>2026-07-26T09:08:27Z</time>
      </trkpt>
      <trkpt lat="59.923162164529529" lon="10.726188009099412">
        <ele>104.638</ele>
        <time>2026-07-26T09:08:28Z</time>
      </trkpt>
      <trkpt lat="59.923153754637873" lon="10.726164754037741">
        <ele>104.958</ele>
        <time>2026-07-26T09:08:29Z</time>
      </trkpt>
      <trkpt lat="59.923141056382278" lon="10.726137089986143">
        <ele>105.255</ele>
        <time>2026-07-26T09:08:30Z</time>
      </trkpt>
      <trkpt lat="59.923124953057282" lon="10.726104361267653">
        <ele>105.4</ele>
        <time>2026-07-26T09:08:31Z</time>
      </trkpt>
      <trkpt lat="59.92310570389153" lon="10.726067500823316">
        <ele>105.517</ele>
        <time>2026-07-26T09:08:32Z</time>
      </trkpt>
      <trkpt lat="59.923083025988468" lon="10.72602604419135">
        <ele>105.869</ele>
        <time>2026-07-26T09:08:33Z</time>
      </trkpt>
      <trkpt lat="59.923057969251339" lon="10.725979787999609">
        <ele>106.157</ele>
        <time>2026-07-26T09:08:34Z</time>
      </trkpt>
      <trkpt lat="59.923031590286506" lon="10.72593153186175">
        <ele>106.36</ele>
        <time>2026-07-26T09:08:35Z</time>
      </trkpt>
      <trkpt lat="59.923004307549981" lon="10.725880134070202">
        <ele>106.535</ele>
        <time>2026-07-26T09:08:36Z</time>
      </trkpt>
      <trkpt lat="59.922976274711552" lon="10.725825612576017">
        <ele>106.69</ele>
        <time>2026-07-26T09:08:37Z</time>
      </trkpt>
      <trkpt lat="59.922946303285684" lon="10.725765053756398">
        <ele>106.716</ele>
        <time>2026-07-26T09:08:38Z</time>
      </trkpt>
      <trkpt lat="59.922915187132247" lon="10.725699025446094">
        <ele>106.743</ele>
        <time>2026-07-26T09:08:39Z</time>
      </trkpt>
      <trkpt lat="59.922883238599447" lon="10.725628254977467">
        <ele>106.741</ele>
        <time>2026-07-26T09:08:40Z</time>
      </trkpt>
      <trkpt lat="59.922851142706357" lon="10.72555522768384">
        <ele>106.726</ele>
        <time>2026-07-26T09:08:41Z</time>
      </trkpt>
      <trkpt lat="59.92281818898217" lon="10.725479947151113">
        <ele>106.678</ele>
        <time>2026-07-26T09:08:42Z</time>
      </trkpt>
      <trkpt lat="59.922785296311659" lon="10.725402722165301">
        <ele>106.626</ele>
        <time>2026-07-26T09:08:43Z</time>
      </trkpt>
      <trkpt lat="59.922752166013986" lon="10.72532483241474">
        <ele>106.561</ele>
        <time>2026-07-26T09:08:44Z</time>
      </trkpt>
      <trkpt lat="59.922719297207415" lon="10.725247519127654">
        <ele>106.478</ele>
        <time>2026-07-26T09:08:45Z</time>
      </trkpt>
      <trkpt lat="59.922686155795944" lon="10.725169808930005">
        <ele>106.452</ele>
        <time>2026-07-26T09:08:46Z</time>
      </trkpt>
      <trkpt lat="59.922652980081523" lon="10.725093253064356">
        <ele>106.464</ele>
        <time>2026-07-26T09:08:47Z</time>
      </trkpt>
      <trkpt lat="59.922620114254535" lon="10.725018467567441">
        <ele>106.499</ele>
        <time>2026-07-26T09:08:48Z</time>
      </trkpt>
      <trkpt lat="59.92258751146499" lon="10.724944625747195">
        <ele>106.52</ele>
        <time>2026-07-26T09:08:49Z</time>
      </trkpt>
      <trkpt lat="59.922555240185318" lon="10.724872138353064">
        <ele>106.537</ele>
        <time>2026-07-26T09:08:50Z</time>
      </trkpt>
      <trkpt lat="59.922523038993582" lon="10.724800332457454">
        <ele>106.562</ele>
        <time>2026-07-26T09:08:51Z</time>
      </trkpt>
      <trkpt lat="59.922491241656346" lon="10.724727881881794">
        <ele>106.581</ele>
        <time>2026-07-26T09:08:52Z</time>
      </trkpt>
      <trkpt lat="59.922459453973467" lon="10.724656184197054">
        <ele>106.594</ele>
        <time>2026-07-26T09:08:53Z</time>
      </trkpt>
      <trkpt lat="59.922427760108754" lon="10.724585868379517">
        <ele>106.609</ele>
        <time>2026-07-26T09:08:54Z</time>
      </trkpt>
      <trkpt lat="59.922396985807325" lon="10.724516930283777">
        <ele>106.669</ele>
        <time>2026-07-26T09:08:55Z</time>
      </trkpt>
      <trkpt lat="59.922366443144526" lon="10.724449761040509">
        <ele>106.722</ele>
        <time>2026-07-26T09:08:56Z</time>
      </trkpt>
      <trkpt lat="59.922335735409625" lon="10.724383385765455">
        <ele>106.768</ele>
        <time>2026-07-26T09:08:57Z</time>
      </trkpt>
      <trkpt lat="59.922305285250175" lon="10.724317576093476">
        <ele>106.818</ele>
        <time>2026-07-26T09:08:58Z</time>
      </trkpt>
      <trkpt lat="59.922275586158356" lon="10.724252008804081">
        <ele>106.865</ele>
        <time>2026-07-26T09:08:59Z</time>
      </trkpt>
      <trkpt lat="59.922246240276927" lon="10.724186154988001">
        <ele>106.921</ele>
        <time>2026-07-26T09:09:00Z</time>
      </trkpt>
      <trkpt lat="59.922216753913425" lon="10.72412079882616">
        <ele>106.953</ele>
        <time>2026-07-26T09:09:01Z</time>
      </trkpt>
      <trkpt lat="59.922187430298493" lon="10.724055566540628">
        <ele>106.999</ele>
        <time>2026-07-26T09:09:02Z</time>
      </trkpt>
      <trkpt lat="59.922158424998003" lon="10.723989996647269">
        <ele>107.017</ele>
        <time>2026-07-26T09:09:03Z</time>
      </trkpt>
      <trkpt lat="59.922129836419927" lon="10.72392375397917">
        <ele>107.075</ele>
        <time>2026-07-26T09:09:04Z</time>
      </trkpt>
      <trkpt lat="59.922101143377574" lon="10.723857725689879">
        <ele>107.125</ele>
        <time>2026-07-26T09:09:05Z</time>
      </trkpt>
      <trkpt lat="59.922072057821083" lon="10.723792231027101">
        <ele>107.169</ele>
        <time>2026-07-26T09:09:06Z</time>
      </trkpt>
      <trkpt lat="59.922042821136159" lon="10.723726784206631">
        <ele>107.263</ele>
        <time>2026-07-26T09:09:07Z</time>
      </trkpt>
      <trkpt lat="59.922012923463683" lon="10.723661760592233">
        <ele>107.323</ele>
        <time>2026-07-26T09:09:08Z</time>
      </trkpt>
      <trkpt lat="59.921982387612971" lon="10.723597096943926">
        <ele>107.367</ele>
        <time>2026-07-26T09:09:09Z</time>
      </trkpt>
      <trkpt lat="59.92195180103397" lon="10.723532527037385">
        <ele>107.404</ele>
        <time>2026-07-26T09:09:10Z</time>
      </trkpt>
      <trkpt lat="59.92192110578339" lon="10.723467997871641">
        <ele>107.411</ele>
        <time>2026-07-26T09:09:11Z</time>
      </trkpt>
      <trkpt lat="59.921890631841727" lon="10.723403048512967">
        <ele>107.437</ele>
        <time>2026-07-26T09:09:12Z</time>
      </trkpt>
      <trkpt lat="59.921860608176047" lon="10.723338510439911">
        <ele>107.486</ele>
        <time>2026-07-26T09:09:13Z</time>
      </trkpt>
      <trkpt lat="59.921831934763006" lon="10.723276863920713">
        <ele>107.559</ele>
        <time>2026-07-26T09:09:14Z</time>
      </trkpt>
      <trkpt lat="59.921804924887674" lon="10.723218912188596">
        <ele>107.578</ele>
        <time>2026-07-26T09:09:15Z</time>
      </trkpt>
      <trkpt lat="59.921780061010026" lon="10.723165816061627">
        <ele>107.671</ele>
        <time>2026-07-26T09:09:16Z</time>
      </trkpt>
      <trkpt lat="59.92175810912692" lon="10.723118735983116">
        <ele>107.734</ele>
        <time>2026-07-26T09:09:17Z</time>
      </trkpt>
      <trkpt lat="59.921739607307266" lon="10.723079883941844">
        <ele>107.767</ele>
        <time>2026-07-26T09:09:18Z</time>
      </trkpt>
      <trkpt lat="59.921725760256535" lon="10.723050772989392">
        <ele>107.835</ele>
        <time>2026-07-26T09:09:19Z</time>
      </trkpt>
      <trkpt lat="59.921717416229093" lon="10.723033429613984">
        <ele>107.921</ele>
        <time>2026-07-26T09:09:31Z</time>
      </trkpt>
      <trkpt lat="59.921713510246214" lon="10.723025559139861">
        <ele>108.008</ele>
        <time>2026-07-26T09:09:35Z</time>
      </trkpt>
      <trkpt lat="59.921709726898072" lon="10.723033797292825">
        <ele>108.112</ele>
        <time>2026-07-26T09:09:51Z</time>
      </trkpt>
      <trkpt lat="59.921706127890552" lon="10.723041816464953">
        <ele>108.228</ele>
        <time>2026-07-26T09:09:52Z</time>
      </trkpt>
      <trkpt lat="59.921700068031164" lon="10.723046821038563">
        <ele>108.289</ele>
        <time>2026-07-26T09:09:53Z</time>
      </trkpt>
      <trkpt lat="59.921691544660106" lon="10.723048173077238">
        <ele>108.344</ele>
        <time>2026-07-26T09:09:54Z</time>
      </trkpt>
      <trkpt lat="59.921680498772723" lon="10.723046066711794">
        <ele>108.442</ele>
        <time>2026-07-26T09:09:55Z</time>
      </trkpt>
      <trkpt lat="59.921663989271451" lon="10.723044984062017">
        <ele>108.398</ele>
        <time>2026-07-26T09:09:56Z</time>
      </trkpt>
      <trkpt lat="59.92164195762286" lon="10.723048937424787">
        <ele>108.277</ele>
        <time>2026-07-26T09:09:57Z</time>
      </trkpt>
      <trkpt lat="59.921615349492534" lon="10.723058637512931">
        <ele>108.063</ele>
        <time>2026-07-26T09:09:58Z</time>
      </trkpt>
      <trkpt lat="59.921585335223412" lon="10.723077085779465">
        <ele>107.808</ele>
        <time>2026-07-26T09:09:59Z</time>
      </trkpt>
      <trkpt lat="59.921552128985752" lon="10.723103033944922">
        <ele>107.546</ele>
        <time>2026-07-26T09:10:00Z</time>
      </trkpt>
      <trkpt lat="59.921517292781779" lon="10.723138285550185">
        <ele>107.186</ele>
        <time>2026-07-26T09:10:01Z</time>
      </trkpt>
      <trkpt lat="59.921480514256444" lon="10.723182226032174">
        <ele>106.79</ele>
        <time>2026-07-26T09:10:02Z</time>
      </trkpt>
      <trkpt lat="59.921442668021072" lon="10.723235672134182">
        <ele>106.339</ele>
        <time>2026-07-26T09:10:03Z</time>
      </trkpt>
      <trkpt lat="59.921404711533249" lon="10.723298187474549">
        <ele>105.941</ele>
        <time>2026-07-26T09:10:04Z</time>
      </trkpt>
      <trkpt lat="59.921367059487608" lon="10.723366593807906">
        <ele>105.419</ele>
        <time>2026-07-26T09:10:05Z</time>
      </trkpt>
      <trkpt lat="59.921328708799372" lon="10.723439688210524">
        <ele>104.912</ele>
        <time>2026-07-26T09:10:06Z</time>
      </trkpt>
      <trkpt lat="59.921289866169246" lon="10.723517070163446">
        <ele>104.492</ele>
        <time>2026-07-26T09:10:07Z</time>
      </trkpt>
      <trkpt lat="59.921250484267027" lon="10.723597828142136">
        <ele>104.068</ele>
        <time>2026-07-26T09:10:08Z</time>
      </trkpt>
      <trkpt lat="59.921211766535876" lon="10.723680987740316">
        <ele>103.658</ele>
        <time>2026-07-26T09:10:09Z</time>
      </trkpt>
      <trkpt lat="59.921173974534838" lon="10.723765121346947">
        <ele>103.247</ele>
        <time>2026-07-26T09:10:10Z</time>
      </trkpt>
      <trkpt lat="59.921136531737595" lon="10.72384972324247">
        <ele>102.823</ele>
        <time>2026-07-26T09:10:11Z</time>
      </trkpt>
      <trkpt lat="59.921100073206709" lon="10.723936770817119">
        <ele>102.45</ele>
        <time>2026-07-26T09:10:12Z</time>
      </trkpt>
      <trkpt lat="59.921063901548372" lon="10.724024137753382">
        <ele>102.039</ele>
        <time>2026-07-26T09:10:13Z</time>
      </trkpt>
      <trkpt lat="59.921028792137598" lon="10.724108783012779">
        <ele>101.563</ele>
        <time>2026-07-26T09:10:14Z</time>
      </trkpt>
      <trkpt lat="59.920994348536254" lon="10.724190603605846">
        <ele>101.158</ele>
        <time>2026-07-26T09:10:15Z</time>
      </trkpt>
      <trkpt lat="59.920960572843718" lon="10.72427006425746">
        <ele>100.919</ele>
        <time>2026-07-26T09:10:16Z</time>
      </trkpt>
      <trkpt lat="59.920929703726564" lon="10.724345003877785">
        <ele>100.763</ele>
        <time>2026-07-26T09:10:17Z</time>
      </trkpt>
      <trkpt lat="59.920901541979646" lon="10.724417511284473">
        <ele>100.715</ele>
        <time>2026-07-26T09:10:18Z</time>
      </trkpt>
      <trkpt lat="59.920875944384278" lon="10.724485533819264">
        <ele>100.762</ele>
        <time>2026-07-26T09:10:19Z</time>
      </trkpt>
      <trkpt lat="59.920850441398819" lon="10.724550463716941">
        <ele>100.834</ele>
        <time>2026-07-26T09:10:20Z</time>
      </trkpt>
      <trkpt lat="59.920825760575035" lon="10.72461068161827">
        <ele>100.946</ele>
        <time>2026-07-26T09:10:21Z</time>
      </trkpt>
      <trkpt lat="59.920802463187023" lon="10.724666836226762">
        <ele>101.062</ele>
        <time>2026-07-26T09:10:22Z</time>
      </trkpt>
      <trkpt lat="59.920779528143328" lon="10.724720950000448">
        <ele>101.177</ele>
        <time>2026-07-26T09:10:23Z</time>
      </trkpt>
      <trkpt lat="59.920756880410046" lon="10.724773476361971">
        <ele>101.26</ele>
        <time>2026-07-26T09:10:24Z</time>
      </trkpt>
      <trkpt lat="59.920735749693193" lon="10.724822246894689">
        <ele>101.315</ele>
        <time>2026-07-26T09:10:25Z</time>
      </trkpt>
      <trkpt lat="59.92071488707716" lon="10.724870512228813">
        <ele>101.33</ele>
        <time>2026-07-26T09:10:26Z</time>
      </trkpt>
      <trkpt lat="59.920692598426193" lon="10.724920230334085">
        <ele>101.332</ele>
        <time>2026-07-26T09:10:27Z</time>
      </trkpt>
      <trkpt lat="59.920668940056807" lon="10.724970434164668">
        <ele>101.27</ele>
        <time>2026-07-26T09:10:28Z</time>
      </trkpt>
      <trkpt lat="59.920644363656443" lon="10.725020584225513">
        <ele>101.336</ele>
        <time>2026-07-26T09:10:29Z</time>
      </trkpt>
      <trkpt lat="59.92061998540445" lon="10.725069063412835">
        <ele>101.346</ele>
        <time>2026-07-26T09:10:30Z</time>
      </trkpt>
      <trkpt lat="59.92059430354621" lon="10.725116961858273">
        <ele>101.409</ele>
        <time>2026-07-26T09:10:31Z</time>
      </trkpt>
      <trkpt lat="59.920570254376884" lon="10.725164097725854">
        <ele>101.368</ele>
        <time>2026-07-26T09:10:32Z</time>
      </trkpt>
      <trkpt lat="59.920546834994887" lon="10.725209563207263">
        <ele>101.36</ele>
        <time>2026-07-26T09:10:33Z</time>
      </trkpt>
      <trkpt lat="59.920525204977054" lon="10.725253634132663">
        <ele>101.343</ele>
        <time>2026-07-26T09:10:34Z</time>
      </trkpt>
      <trkpt lat="59.920505224725886" lon="10.725296037503639">
        <ele>101.307</ele>
        <time>2026-07-26T09:10:35Z</time>
      </trkpt>
      <trkpt lat="59.920487024349981" lon="10.725337912973522">
        <ele>101.259</ele>
        <time>2026-07-26T09:10:36Z</time>
      </trkpt>
      <trkpt lat="59.920470277609148" lon="10.725380021449439">
        <ele>101.308</ele>
        <time>2026-07-26T09:10:37Z</time>
      </trkpt>
      <trkpt lat="59.920453070619736" lon="10.725422402655907">
        <ele>101.32</ele>
        <time>2026-07-26T09:10:38Z</time>
      </trkpt>
      <trkpt lat="59.920435578220221" lon="10.72546416098476">
        <ele>101.309</ele>
        <time>2026-07-26T09:10:39Z</time>
      </trkpt>
      <trkpt lat="59.920417300245923" lon="10.725505004877288">
        <ele>101.298</ele>
        <time>2026-07-26T09:10:40Z</time>
      </trkpt>
      <trkpt lat="59.920397298001937" lon="10.725548087682153">
        <ele>101.211</ele>
        <time>2026-07-26T09:10:41Z</time>
      </trkpt>
      <trkpt lat="59.920376069292708" lon="10.725592781238406">
        <ele>101.088</ele>
        <time>2026-07-26T09:10:42Z</time>
      </trkpt>
      <trkpt lat="59.920353815496561" lon="10.725639643870464">
        <ele>100.958</ele>
        <time>2026-07-26T09:10:43Z</time>
      </trkpt>
      <trkpt lat="59.920331098537496" lon="10.725688081064247">
        <ele>100.785</ele>
        <time>2026-07-26T09:10:44Z</time>
      </trkpt>
      <trkpt lat="59.920308011069608" lon="10.725735159273132">
        <ele>100.65</ele>
        <time>2026-07-26T09:10:45Z</time>
      </trkpt>
      <trkpt lat="59.920284693439321" lon="10.725780496106832">
        <ele>100.603</ele>
        <time>2026-07-26T09:10:46Z</time>
      </trkpt>
      <trkpt lat="59.9202641744087" lon="10.725818993249296">
        <ele>100.518</ele>
        <time>2026-07-26T09:10:47Z</time>
      </trkpt>
      <trkpt lat="59.92024713252458" lon="10.725839367286477">
        <ele>100.803</ele>
        <time>2026-07-26T09:10:49Z</time>
      </trkpt>
      <trkpt lat="59.920231126518971" lon="10.725845418103376">
        <ele>100.956</ele>
        <time>2026-07-26T09:10:50Z</time>
      </trkpt>
      <trkpt lat="59.920211809729743" lon="10.725831654907466">
        <ele>101.094</ele>
        <time>2026-07-26T09:10:51Z</time>
      </trkpt>
      <trkpt lat="59.920187961765691" lon="10.725800767553046">
        <ele>101.348</ele>
        <time>2026-07-26T09:10:52Z</time>
      </trkpt>
      <trkpt lat="59.920160678736799" lon="10.725755909957812">
        <ele>101.62</ele>
        <time>2026-07-26T09:10:53Z</time>
      </trkpt>
      <trkpt lat="59.920132167506587" lon="10.725702207669659">
        <ele>101.903</ele>
        <time>2026-07-26T09:10:54Z</time>
      </trkpt>
      <trkpt lat="59.920101515452998" lon="10.725641710889406">
        <ele>102.101</ele>
        <time>2026-07-26T09:10:55Z</time>
      </trkpt>
      <trkpt lat="59.920068871296621" lon="10.725575700785395">
        <ele>102.219</ele>
        <time>2026-07-26T09:10:56Z</time>
      </trkpt>
      <trkpt lat="59.920033976852757" lon="10.725507091535503">
        <ele>102.284</ele>
        <time>2026-07-26T09:10:57Z</time>
      </trkpt>
      <trkpt lat="59.919998552486433" lon="10.725436440363314">
        <ele>102.279</ele>
        <time>2026-07-26T09:10:58Z</time>
      </trkpt>
      <trkpt lat="59.919963181392745" lon="10.725365443703987">
        <ele>102.186</ele>
        <time>2026-07-26T09:10:59Z</time>
      </trkpt>
      <trkpt lat="59.919929032270019" lon="10.725294675722626">
        <ele>101.987</ele>
        <time>2026-07-26T09:11:00Z</time>
      </trkpt>
      <trkpt lat="59.919895711515608" lon="10.725222934777738">
        <ele>101.67</ele>
        <time>2026-07-26T09:11:01Z</time>
      </trkpt>
      <trkpt lat="59.919861194472887" lon="10.725147330819913">
        <ele>101.34</ele>
        <time>2026-07-26T09:11:02Z</time>
      </trkpt>
      <trkpt lat="59.919825474950493" lon="10.725071366471827">
        <ele>101.045</ele>
        <time>2026-07-26T09:11:03Z</time>
      </trkpt>
      <trkpt lat="59.919788991411544" lon="10.72499795342466">
        <ele>100.798</ele>
        <time>2026-07-26T09:11:04Z</time>
      </trkpt>
      <trkpt lat="59.919752620551321" lon="10.724926648096067">
        <ele>100.521</ele>
        <time>2026-07-26T09:11:05Z</time>
      </trkpt>
      <trkpt lat="59.919717330180831" lon="10.724855155012575">
        <ele>100.307</ele>
        <time>2026-07-26T09:11:06Z</time>
      </trkpt>
      <trkpt lat="59.919682810658209" lon="10.72478217496786">
        <ele>100.062</ele>
        <time>2026-07-26T09:11:07Z</time>
      </trkpt>
      <trkpt lat="59.919648040661606" lon="10.724708068134275">
        <ele>99.5888</ele>
        <time>2026-07-26T09:11:08Z</time>
      </trkpt>
      <trkpt lat="59.919612898927049" lon="10.724634224103193">
        <ele>99.145</ele>
        <time>2026-07-26T09:11:09Z</time>
      </trkpt>
      <trkpt lat="59.919576254154293" lon="10.724562612838309">
        <ele>98.7859</ele>
        <time>2026-07-26T09:11:10Z</time>
      </trkpt>
      <trkpt lat="59.919539343535476" lon="10.724495574628095">
        <ele>98.5796</ele>
        <time>2026-07-26T09:11:11Z</time>
      </trkpt>
      <trkpt lat="59.919502721203628" lon="10.724427161110778">
        <ele>98.5117</ele>
        <time>2026-07-26T09:11:12Z</time>
      </trkpt>
      <trkpt lat="59.919465308573749" lon="10.724359102272762">
        <ele>98.447</ele>
        <time>2026-07-26T09:11:13Z</time>
      </trkpt>
      <trkpt lat="59.919427033467962" lon="10.724293207341733">
        <ele>98.3626</ele>
        <time>2026-07-26T09:11:14Z</time>
      </trkpt>
      <trkpt lat="59.919387658091473" lon="10.724230579846981">
        <ele>98.3039</ele>
        <time>2026-07-26T09:11:15Z</time>
      </trkpt>
      <trkpt lat="59.919348056760114" lon="10.724170889321393">
        <ele>98.2501</ele>
        <time>2026-07-26T09:11:16Z</time>
      </trkpt>
      <trkpt lat="59.919308474926666" lon="10.724112953249538">
        <ele>98.166</ele>
        <time>2026-07-26T09:11:17Z</time>
      </trkpt>
      <trkpt lat="59.919268549709699" lon="10.724056606149219">
        <ele>98.074</ele>
        <time>2026-07-26T09:11:18Z</time>
      </trkpt>
      <trkpt lat="59.919228581053609" lon="10.724002088627895">
        <ele>97.9981</ele>
        <time>2026-07-26T09:11:19Z</time>
      </trkpt>
      <trkpt lat="59.919188968754966" lon="10.723950523101292">
        <ele>97.9645</ele>
        <time>2026-07-26T09:11:20Z</time>
      </trkpt>
      <trkpt lat="59.91914960916224" lon="10.723899484936259">
        <ele>97.9693</ele>
        <time>2026-07-26T09:11:21Z</time>
      </trkpt>
      <trkpt lat="59.919110311990821" lon="10.723849992077998">
        <ele>97.9184</ele>
        <time>2026-07-26T09:11:22Z</time>
      </trkpt>
      <trkpt lat="59.919071227644515" lon="10.723802208898332">
        <ele>97.7918</ele>
        <time>2026-07-26T09:11:23Z</time>
      </trkpt>
      <trkpt lat="59.919031896420982" lon="10.72375643985699">
        <ele>97.6137</ele>
        <time>2026-07-26T09:11:24Z</time>
      </trkpt>
      <trkpt lat="59.91899267741401" lon="10.723711130580423">
        <ele>97.4429</ele>
        <time>2026-07-26T09:11:25Z</time>
      </trkpt>
      <trkpt lat="59.918953933036555" lon="10.72366505032282">
        <ele>97.2827</ele>
        <time>2026-07-26T09:11:26Z</time>
      </trkpt>
      <trkpt lat="59.918915613956976" lon="10.723620222302568">
        <ele>97.147</ele>
        <time>2026-07-26T09:11:27Z</time>
      </trkpt>
      <trkpt lat="59.91887835284107" lon="10.723579773066245">
        <ele>97.02</ele>
        <time>2026-07-26T09:11:28Z</time>
      </trkpt>
      <trkpt lat="59.918841530601512" lon="10.7235475082124">
        <ele>96.8623</ele>
        <time>2026-07-26T09:11:29Z</time>
      </trkpt>
      <trkpt lat="59.91880742856069" lon="10.723520271646681">
        <ele>96.7403</ele>
        <time>2026-07-26T09:11:30Z</time>
      </trkpt>
      <trkpt lat="59.918776794178889" lon="10.723494006268496">
        <ele>96.7127</ele>
        <time>2026-07-26T09:11:31Z</time>
      </trkpt>
      <trkpt lat="59.91874827150729" lon="10.723466215205159">
        <ele>96.6419</ele>
        <time>2026-07-26T09:11:32Z</time>
      </trkpt>
      <trkpt lat="59.918721773983052" lon="10.723437748774106">
        <ele>96.6322</ele>
        <time>2026-07-26T09:11:33Z</time>
      </trkpt>
      <trkpt lat="59.918697495609017" lon="10.72340778458765">
        <ele>96.6503</ele>
        <time>2026-07-26T09:11:34Z</time>
      </trkpt>
      <trkpt lat="59.918674791628384" lon="10.723374069470426">
        <ele>96.8064</ele>
        <time>2026-07-26T09:11:35Z</time>
      </trkpt>
      <trkpt lat="59.918652362575251" lon="10.723337533640246">
        <ele>96.9849</ele>
        <time>2026-07-26T09:11:36Z</time>
      </trkpt>
      <trkpt lat="59.918630507414669" lon="10.723300137326452">
        <ele>97.2106</ele>
        <time>2026-07-26T09:11:37Z</time>
      </trkpt>
      <trkpt lat="59.918610808681301" lon="10.723263670504551">
        <ele>97.3949</ele>
        <time>2026-07-26T09:11:38Z</time>
      </trkpt>
      <trkpt lat="59.918592502954731" lon="10.723227421143724">
        <ele>97.5529</ele>
        <time>2026-07-26T09:11:39Z</time>
      </trkpt>
      <trkpt lat="59.918574458018121" lon="10.723190954140762">
        <ele>97.6001</ele>
        <time>2026-07-26T09:11:40Z</time>
      </trkpt>
      <trkpt lat="59.918556988044649" lon="10.723157626670538">
        <ele>97.6295</ele>
        <time>2026-07-26T09:11:41Z</time>
      </trkpt>
      <trkpt lat="59.918541050107876" lon="10.723127331964863">
        <ele>97.6544</ele>
        <time>2026-07-26T09:11:42Z</time>
      </trkpt>
      <trkpt lat="59.918525759731288" lon="10.72309863073245">
        <ele>97.6922</ele>
        <time>2026-07-26T09:11:43Z</time>
      </trkpt>
      <trkpt lat="59.918510801331088" lon="10.72307420219161">
        <ele>97.6596</ele>
        <time>2026-07-26T09:11:44Z</time>
      </trkpt>
      <trkpt lat="59.918495424663853" lon="10.723054571834304">
        <ele>97.7084</ele>
        <time>2026-07-26T09:11:45Z</time>
      </trkpt>
      <trkpt lat="59.918477544402514" lon="10.723044729496504">
        <ele>97.8576</ele>
        <time>2026-07-26T09:11:46Z</time>
      </trkpt>
      <trkpt lat="59.918457946437066" lon="10.723044771140339">
        <ele>97.991</ele>
        <time>2026-07-26T09:11:47Z</time>
      </trkpt>
      <trkpt lat="59.918436898665114" lon="10.723053105644349">
        <ele>98.1053</ele>
        <time>2026-07-26T09:11:48Z</time>
      </trkpt>
      <trkpt lat="59.918416468338243" lon="10.723060681594063">
        <ele>98.2331</ele>
        <time>2026-07-26T09:11:49Z</time>
      </trkpt>
      <trkpt lat="59.918399294004956" lon="10.723064348423145">
        <ele>98.3674</ele>
        <time>2026-07-26T09:11:50Z</time>
      </trkpt>
      <trkpt lat="59.918384183117134" lon="10.723063599940017">
        <ele>98.5167</ele>
        <time>2026-07-26T09:11:51Z</time>
      </trkpt>
      <trkpt lat="59.918371841823394" lon="10.723061353754233">
        <ele>98.724</ele>
        <time>2026-07-26T09:11:53Z</time>
      </trkpt>
      <trkpt lat="59.918362373196338" lon="10.723056330189033">
        <ele>98.4309</ele>
        <time>2026-07-26T09:11:59Z</time>
      </trkpt>
      <trkpt lat="59.91835918160956" lon="10.723046083116708">
        <ele>98.283</ele>
        <time>2026-07-26T09:12:01Z</time>
      </trkpt>
      <trkpt lat="59.918357735983946" lon="10.723030924713212">
        <ele>98.0619</ele>
        <time>2026-07-26T09:12:03Z</time>
      </trkpt>
      <trkpt lat="59.918355721999198" lon="10.723011184736411">
        <ele>98.0622</ele>
        <time>2026-07-26T09:12:05Z</time>
      </trkpt>
      <trkpt lat="59.918355164387229" lon="10.722989772100433">
        <ele>98.1694</ele>
        <time>2026-07-26T09:12:06Z</time>
      </trkpt>
      <trkpt lat="59.918355301790548" lon="10.722968368978526">
        <ele>98.2711</ele>
        <time>2026-07-26T09:12:07Z</time>
      </trkpt>
      <trkpt lat="59.91835386573338" lon="10.722943037906864">
        <ele>98.5481</ele>
        <time>2026-07-26T09:12:09Z</time>
      </trkpt>
      <trkpt lat="59.91835248469561" lon="10.722919023398331">
        <ele>98.8576</ele>
        <time>2026-07-26T09:12:10Z</time>
      </trkpt>
      <trkpt lat="59.918350494816117" lon="10.722892704635807">
        <ele>99.212</ele>
        <time>2026-07-26T09:12:12Z</time>
      </trkpt>
      <trkpt lat="59.918347364855322" lon="10.722868143948963">
        <ele>99.496</ele>
        <time>2026-07-26T09:12:13Z</time>
      </trkpt>
      <trkpt lat="59.918342592520467" lon="10.72284311346751">
        <ele>99.7371</ele>
        <time>2026-07-26T09:12:14Z</time>
      </trkpt>
      <trkpt lat="59.918334277004512" lon="10.722814627411971">
        <ele>99.7927</ele>
        <time>2026-07-26T09:12:15Z</time>
      </trkpt>
      <trkpt lat="59.918323516501502" lon="10.722784866035063">
        <ele>99.8623</ele>
        <time>2026-07-26T09:12:16Z</time>
      </trkpt>
      <trkpt lat="59.918311612001013" lon="10.722754377723572">
        <ele>99.8286</ele>
        <time>2026-07-26T09:12:17Z</time>
      </trkpt>
      <trkpt lat="59.91829950909306" lon="10.72272338468262">
        <ele>99.8258</ele>
        <time>2026-07-26T09:12:18Z</time>
      </trkpt>
      <trkpt lat="59.918284793615413" lon="10.722690749086523">
        <ele>99.8458</ele>
        <time>2026-07-26T09:12:19Z</time>
      </trkpt>
      <trkpt lat="59.918269695397598" lon="10.722662682818962">
        <ele>99.9394</ele>
        <time>2026-07-26T09:12:20Z</time>
      </trkpt>
      <trkpt lat="59.918256160093733" lon="10.722637326838299">
        <ele>100.071</ele>
        <time>2026-07-26T09:12:21Z</time>
      </trkpt>
      <trkpt lat="59.918242308811088" lon="10.722612809895564">
        <ele>100.166</ele>
        <time>2026-07-26T09:12:22Z</time>
      </trkpt>
      <trkpt lat="59.918227287192678" lon="10.722587653570017">
        <ele>100.321</ele>
        <time>2026-07-26T09:12:23Z</time>
      </trkpt>
      <trkpt lat="59.918210333310491" lon="10.722558956979084">
        <ele>100.462</ele>
        <time>2026-07-26T09:12:24Z</time>
      </trkpt>
      <trkpt lat="59.918191429100325" lon="10.722526205371643">
        <ele>100.562</ele>
        <time>2026-07-26T09:12:25Z</time>
      </trkpt>
      <trkpt lat="59.918173846979691" lon="10.722490407314192">
        <ele>100.727</ele>
        <time>2026-07-26T09:12:26Z</time>
      </trkpt>
      <trkpt lat="59.918156208242465" lon="10.722447526398424">
        <ele>100.801</ele>
        <time>2026-07-26T09:12:27Z</time>
      </trkpt>
      <trkpt lat="59.918136698109976" lon="10.722399285604022">
        <ele>100.827</ele>
        <time>2026-07-26T09:12:28Z</time>
      </trkpt>
      <trkpt lat="59.918114562427398" lon="10.722346893691757">
        <ele>100.84</ele>
        <time>2026-07-26T09:12:29Z</time>
      </trkpt>
      <trkpt lat="59.918089131984246" lon="10.722292795324528">
        <ele>100.753</ele>
        <time>2026-07-26T09:12:30Z</time>
      </trkpt>
      <trkpt lat="59.91806012651648" lon="10.722236867751164">
        <ele>100.538</ele>
        <time>2026-07-26T09:12:31Z</time>
      </trkpt>
      <trkpt lat="59.918027515900128" lon="10.722181735850389">
        <ele>100.428</ele>
        <time>2026-07-26T09:12:32Z</time>
      </trkpt>
      <trkpt lat="59.917992407133148" lon="10.722127614809619">
        <ele>100.314</ele>
        <time>2026-07-26T09:12:33Z</time>
      </trkpt>
      <trkpt lat="59.917955223260215" lon="10.722076346148647">
        <ele>100.256</ele>
        <time>2026-07-26T09:12:34Z</time>
      </trkpt>
      <trkpt lat="59.917917442777451" lon="10.722026561472749">
        <ele>100.24</ele>
        <time>2026-07-26T09:12:35Z</time>
      </trkpt>
      <trkpt lat="59.91787890507139" lon="10.721975928116265">
        <ele>100.169</ele>
        <time>2026-07-26T09:12:36Z</time>
      </trkpt>
      <trkpt lat="59.917840639083664" lon="10.721926954870852">
        <ele>100.113</ele>
        <time>2026-07-26T09:12:37Z</time>
      </trkpt>
      <trkpt lat="59.91780237029829" lon="10.721877686673395">
        <ele>100.081</ele>
        <time>2026-07-26T09:12:38Z</time>
      </trkpt>
      <trkpt lat="59.917764118422447" lon="10.721828992238176">
        <ele>100.05</ele>
        <time>2026-07-26T09:12:39Z</time>
      </trkpt>
      <trkpt lat="59.917725496407485" lon="10.721780793537919">
        <ele>99.9694</ele>
        <time>2026-07-26T09:12:40Z</time>
      </trkpt>
      <trkpt lat="59.91768893467421" lon="10.721734706971688">
        <ele>99.8766</ele>
        <time>2026-07-26T09:12:41Z</time>
      </trkpt>
      <trkpt lat="59.917654800059957" lon="10.721690152686701">
        <ele>99.7846</ele>
        <time>2026-07-26T09:12:42Z</time>
      </trkpt>
      <trkpt lat="59.917623094030347" lon="10.721645485616618">
        <ele>99.6547</ele>
        <time>2026-07-26T09:12:43Z</time>
      </trkpt>
      <trkpt lat="59.917593695837375" lon="10.721600837610275">
        <ele>99.5296</ele>
        <time>2026-07-26T09:12:44Z</time>
      </trkpt>
      <trkpt lat="59.91756591352712" lon="10.721558295193081">
        <ele>99.3731</ele>
        <time>2026-07-26T09:12:45Z</time>
      </trkpt>
      <trkpt lat="59.917544993974211" lon="10.721510788455568">
        <ele>99.3055</ele>
        <time>2026-07-26T09:12:46Z</time>
      </trkpt>
      <trkpt lat="59.917529535518817" lon="10.72145827974361">
        <ele>99.2277</ele>
        <time>2026-07-26T09:12:47Z</time>
      </trkpt>
      <trkpt lat="59.917519414186003" lon="10.721401416088268">
        <ele>99.1267</ele>
        <time>2026-07-26T09:12:48Z</time>
      </trkpt>
      <trkpt lat="59.917513891553348" lon="10.721343333272641">
        <ele>98.9584</ele>
        <time>2026-07-26T09:12:49Z</time>
      </trkpt>
      <trkpt lat="59.917512193910923" lon="10.721283803160052">
        <ele>98.7949</ele>
        <time>2026-07-26T09:12:50Z</time>
      </trkpt>
      <trkpt lat="59.917516906753171" lon="10.721221160954848">
        <ele>98.6159</ele>
        <time>2026-07-26T09:12:51Z</time>
      </trkpt>
      <trkpt lat="59.917527035311323" lon="10.721156186061426">
        <ele>98.4243</ele>
        <time>2026-07-26T09:12:52Z</time>
      </trkpt>
      <trkpt lat="59.9175427618801" lon="10.72108971643995">
        <ele>98.287</ele>
        <time>2026-07-26T09:12:53Z</time>
      </trkpt>
      <trkpt lat="59.917562519608552" lon="10.721020178349193">
        <ele>98.2114</ele>
        <time>2026-07-26T09:12:54Z</time>
      </trkpt>
      <trkpt lat="59.917584568011073" lon="10.720947806905629">
        <ele>98.1615</ele>
        <time>2026-07-26T09:12:55Z</time>
      </trkpt>
      <trkpt lat="59.917608732638485" lon="10.72087341363061">
        <ele>98.1617</ele>
        <time>2026-07-26T09:12:56Z</time>
      </trkpt>
      <trkpt lat="59.917634668476623" lon="10.720796380864067">
        <ele>98.246</ele>
        <time>2026-07-26T09:12:57Z</time>
      </trkpt>
      <trkpt lat="59.917661471632293" lon="10.720716160464908">
        <ele>98.3793</ele>
        <time>2026-07-26T09:12:58Z</time>
      </trkpt>
      <trkpt lat="59.917689767824463" lon="10.720632320907105">
        <ele>98.531</ele>
        <time>2026-07-26T09:12:59Z</time>
      </trkpt>
      <trkpt lat="59.917718565617555" lon="10.720544954934036">
        <ele>98.7725</ele>
        <time>2026-07-26T09:13:00Z</time>
      </trkpt>
      <trkpt lat="59.917746856805074" lon="10.720454557473229">
        <ele>99.0061</ele>
        <time>2026-07-26T09:13:01Z</time>
      </trkpt>
      <trkpt lat="59.917774384898188" lon="10.720361241871384">
        <ele>99.2653</ele>
        <time>2026-07-26T09:13:02Z</time>
      </trkpt>
      <trkpt lat="59.917801931498573" lon="10.720267536115593">
        <ele>99.5549</ele>
        <time>2026-07-26T09:13:03Z</time>
      </trkpt>
      <trkpt lat="59.917828940335262" lon="10.720176475008854">
        <ele>99.7991</ele>
        <time>2026-07-26T09:13:04Z</time>
      </trkpt>
      <trkpt lat="59.917856124302432" lon="10.720090750867252">
        <ele>100.024</ele>
        <time>2026-07-26T09:13:05Z</time>
      </trkpt>
      <trkpt lat="59.917883161802521" lon="10.720011760207717">
        <ele>100.258</ele>
        <time>2026-07-26T09:13:06Z</time>
      </trkpt>
      <trkpt lat="59.91791217636851" lon="10.719944402134331">
        <ele>100.444</ele>
        <time>2026-07-26T09:13:07Z</time>
      </trkpt>
      <trkpt lat="59.917944194366825" lon="10.719898722150019">
        <ele>100.603</ele>
        <time>2026-07-26T09:13:08Z</time>
      </trkpt>
      <trkpt lat="59.917978816914427" lon="10.719878720735402">
        <ele>100.813</ele>
        <time>2026-07-26T09:13:09Z</time>
      </trkpt>
      <trkpt lat="59.918015479832881" lon="10.719881956471344">
        <ele>101.025</ele>
        <time>2026-07-26T09:13:10Z</time>
      </trkpt>
      <trkpt lat="59.918053814430728" lon="10.719904976954213">
        <ele>101.279</ele>
        <time>2026-07-26T09:13:11Z</time>
      </trkpt>
      <trkpt lat="59.918093864779507" lon="10.719945359487431">
        <ele>101.479</ele>
        <time>2026-07-26T09:13:12Z</time>
      </trkpt>
      <trkpt lat="59.918134836595648" lon="10.720000747362148">
        <ele>101.716</ele>
        <time>2026-07-26T09:13:13Z</time>
      </trkpt>
      <trkpt lat="59.918176539704277" lon="10.720068392751646">
        <ele>101.904</ele>
        <time>2026-07-26T09:13:14Z</time>
      </trkpt>
      <trkpt lat="59.918218315357819" lon="10.720145948585341">
        <ele>102.099</ele>
        <time>2026-07-26T09:13:15Z</time>
      </trkpt>
      <trkpt lat="59.918260186748135" lon="10.720230032202696">
        <ele>102.234</ele>
        <time>2026-07-26T09:13:16Z</time>
      </trkpt>
      <trkpt lat="59.918302079852623" lon="10.720318555071321">
        <ele>102.358</ele>
        <time>2026-07-26T09:13:17Z</time>
      </trkpt>
      <trkpt lat="59.918343940541789" lon="10.720410487728433">
        <ele>102.466</ele>
        <time>2026-07-26T09:13:18Z</time>
      </trkpt>
      <trkpt lat="59.918385562741399" lon="10.720502923561956">
        <ele>102.593</ele>
        <time>2026-07-26T09:13:19Z</time>
      </trkpt>
      <trkpt lat="59.918427319248309" lon="10.720593842734301">
        <ele>102.769</ele>
        <time>2026-07-26T09:13:20Z</time>
      </trkpt>
      <trkpt lat="59.918470350799211" lon="10.720681838429785">
        <ele>102.941</ele>
        <time>2026-07-26T09:13:21Z</time>
      </trkpt>
      <trkpt lat="59.918513830608269" lon="10.720765034977681">
        <ele>103.085</ele>
        <time>2026-07-26T09:13:22Z</time>
      </trkpt>
      <trkpt lat="59.918557207286256" lon="10.720844331545475">
        <ele>103.251</ele>
        <time>2026-07-26T09:13:23Z</time>
      </trkpt>
      <trkpt lat="59.918600560775488" lon="10.720920350357179">
        <ele>103.39</ele>
        <time>2026-07-26T09:13:24Z</time>
      </trkpt>
      <trkpt lat="59.918643047501931" lon="10.720993662540113">
        <ele>103.517</ele>
        <time>2026-07-26T09:13:25Z</time>
      </trkpt>
      <trkpt lat="59.918684635094927" lon="10.721064573107446">
        <ele>103.625</ele>
        <time>2026-07-26T09:13:26Z</time>
      </trkpt>
      <trkpt lat="59.918725287986774" lon="10.721133320661593">
        <ele>103.722</ele>
        <time>2026-07-26T09:13:27Z</time>
      </trkpt>
      <trkpt lat="59.918765398572475" lon="10.721199820605658">
        <ele>103.83</ele>
        <time>2026-07-26T09:13:28Z</time>
      </trkpt>
      <trkpt lat="59.918804586007496" lon="10.721263545641413">
        <ele>103.928</ele>
        <time>2026-07-26T09:13:29Z</time>
      </trkpt>
      <trkpt lat="59.918842300386224" lon="10.721323793877318">
        <ele>103.999</ele>
        <time>2026-07-26T09:13:30Z</time>
      </trkpt>
      <trkpt lat="59.918877757634434" lon="10.721379056946024">
        <ele>104.027</ele>
        <time>2026-07-26T09:13:31Z</time>
      </trkpt>
      <trkpt lat="59.918911669533173" lon="10.721425065564402">
        <ele>104.017</ele>
        <time>2026-07-26T09:13:32Z</time>
      </trkpt>
      <trkpt lat="59.918943911611294" lon="10.721458540649182">
        <ele>104.024</ele>
        <time>2026-07-26T09:13:33Z</time>
      </trkpt>
      <trkpt lat="59.918974520286" lon="10.721478346967894">
        <ele>103.99</ele>
        <time>2026-07-26T09:13:34Z</time>
      </trkpt>
      <trkpt lat="59.919002554608518" lon="10.721482261403409">
        <ele>103.965</ele>
        <time>2026-07-26T09:13:35Z</time>
      </trkpt>
      <trkpt lat="59.919026824461085" lon="10.721467718115855">
        <ele>103.914</ele>
        <time>2026-07-26T09:13:36Z</time>
      </trkpt>
      <trkpt lat="59.91904622622507" lon="10.721431311057719">
        <ele>103.815</ele>
        <time>2026-07-26T09:13:37Z</time>
      </trkpt>
      <trkpt lat="59.91906034481223" lon="10.721374493793293">
        <ele>103.615</ele>
        <time>2026-07-26T09:13:38Z</time>
      </trkpt>
      <trkpt lat="59.919069138265243" lon="10.721301351693906">
        <ele>103.37</ele>
        <time>2026-07-26T09:13:39Z</time>
      </trkpt>
      <trkpt lat="59.919074158471773" lon="10.721215283284517">
        <ele>103.107</ele>
        <time>2026-07-26T09:13:40Z</time>
      </trkpt>
      <trkpt lat="59.919076142931821" lon="10.72111958899051">
        <ele>102.843</ele>
        <time>2026-07-26T09:13:41Z</time>
      </trkpt>
      <trkpt lat="59.919076196379471" lon="10.721016754399939">
        <ele>102.62</ele>
        <time>2026-07-26T09:13:42Z</time>
      </trkpt>
      <trkpt lat="59.919074790623853" lon="10.720908477892062">
        <ele>102.411</ele>
        <time>2026-07-26T09:13:43Z</time>
      </trkpt>
      <trkpt lat="59.919072266036778" lon="10.720797018272544">
        <ele>102.221</ele>
        <time>2026-07-26T09:13:44Z</time>
      </trkpt>
      <trkpt lat="59.919068812274247" lon="10.720684590574491">
        <ele>102.048</ele>
        <time>2026-07-26T09:13:45Z</time>
      </trkpt>
      <trkpt lat="59.919065063883878" lon="10.720572980272776">
        <ele>101.942</ele>
        <time>2026-07-26T09:13:46Z</time>
      </trkpt>
      <trkpt lat="59.919061995002338" lon="10.720460905824179">
        <ele>101.857</ele>
        <time>2026-07-26T09:13:47Z</time>
      </trkpt>
      <trkpt lat="59.919059361471085" lon="10.720349675562749">
        <ele>101.854</ele>
        <time>2026-07-26T09:13:48Z</time>
      </trkpt>
      <trkpt lat="59.919057153459271" lon="10.720238938975715">
        <ele>101.889</ele>
        <time>2026-07-26T09:13:49Z</time>
      </trkpt>
      <trkpt lat="59.91905556273489" lon="10.720129271122357">
        <ele>101.917</ele>
        <time>2026-07-26T09:13:50Z</time>
      </trkpt>
      <trkpt lat="59.919055555480874" lon="10.720023145760909">
        <ele>101.963</ele>
        <time>2026-07-26T09:13:51Z</time>
      </trkpt>
      <trkpt lat="59.919056630098048" lon="10.719922033254848">
        <ele>102.062</ele>
        <time>2026-07-26T09:13:52Z</time>
      </trkpt>
      <trkpt lat="59.91905977972597" lon="10.719829405249635">
        <ele>102.146</ele>
        <time>2026-07-26T09:13:53Z</time>
      </trkpt>
      <trkpt lat="59.919066463707551" lon="10.719747053625237">
        <ele>102.257</ele>
        <time>2026-07-26T09:13:54Z</time>
      </trkpt>
      <trkpt lat="59.919076501446909" lon="10.719673728823414">
        <ele>102.355</ele>
        <time>2026-07-26T09:13:55Z</time>
      </trkpt>
      <trkpt lat="59.919092527826322" lon="10.719616823738622">
        <ele>102.518</ele>
        <time>2026-07-26T09:13:56Z</time>
      </trkpt>
      <trkpt lat="59.919112701062815" lon="10.719582835109856">
        <ele>102.724</ele>
        <time>2026-07-26T09:13:57Z</time>
      </trkpt>
      <trkpt lat="59.919136352565637" lon="10.719574455728234">
        <ele>102.936</ele>
        <time>2026-07-26T09:13:58Z</time>
      </trkpt>
      <trkpt lat="59.919163698691065" lon="10.719591776784776">
        <ele>103.162</ele>
        <time>2026-07-26T09:13:59Z</time>
      </trkpt>
      <trkpt lat="59.919194229462086" lon="10.719630831895689">
        <ele>103.446</ele>
        <time>2026-07-26T09:14:00Z</time>
      </trkpt>
      <trkpt lat="59.919226995379049" lon="10.719686063931537">
        <ele>103.734</ele>
        <time>2026-07-26T09:14:01Z</time>
      </trkpt>
      <trkpt lat="59.91926179999092" lon="10.719755444842878">
        <ele>104.102</ele>
        <time>2026-07-26T09:14:02Z</time>
      </trkpt>
      <trkpt lat="59.919298197731415" lon="10.719834689259338">
        <ele>104.457</ele>
        <time>2026-07-26T09:14:03Z</time>
      </trkpt>
      <trkpt lat="59.919336135023293" lon="10.719920420969229">
        <ele>104.806</ele>
        <time>2026-07-26T09:14:04Z</time>
      </trkpt>
      <trkpt lat="59.919375076765789" lon="10.720009539900575">
        <ele>105.174</ele>
        <time>2026-07-26T09:14:05Z</time>
      </trkpt>
      <trkpt lat="59.919415011022615" lon="10.72009990747283">
        <ele>105.531</ele>
        <time>2026-07-26T09:14:06Z</time>
      </trkpt>
      <trkpt lat="59.919455602670716" lon="10.720190467855165">
        <ele>105.877</ele>
        <time>2026-07-26T09:14:07Z</time>
      </trkpt>
      <trkpt lat="59.919496650018509" lon="10.720280594208219">
        <ele>106.179</ele>
        <time>2026-07-26T09:14:08Z</time>
      </trkpt>
      <trkpt lat="59.919538297106016" lon="10.720368752033989">
        <ele>106.468</ele>
        <time>2026-07-26T09:14:09Z</time>
      </trkpt>
      <trkpt lat="59.919580313615029" lon="10.72045474116759">
        <ele>106.688</ele>
        <time>2026-07-26T09:14:10Z</time>
      </trkpt>
      <trkpt lat="59.919622486171505" lon="10.720537906944545">
        <ele>106.859</ele>
        <time>2026-07-26T09:14:11Z</time>
      </trkpt>
      <trkpt lat="59.919664670184893" lon="10.720618147550891">
        <ele>107.016</ele>
        <time>2026-07-26T09:14:12Z</time>
      </trkpt>
      <trkpt lat="59.919706625518444" lon="10.720696197628065">
        <ele>107.126</ele>
        <time>2026-07-26T09:14:13Z</time>
      </trkpt>
      <trkpt lat="59.919748080501918" lon="10.720772742854923">
        <ele>107.239</ele>
        <time>2026-07-26T09:14:14Z</time>
      </trkpt>
      <trkpt lat="59.919789247613387" lon="10.720846704484432">
        <ele>107.304</ele>
        <time>2026-07-26T09:14:15Z</time>
      </trkpt>
      <trkpt lat="59.919830268314577" lon="10.720918522150985">
        <ele>107.34</ele>
        <time>2026-07-26T09:14:16Z</time>
      </trkpt>
      <trkpt lat="59.919871026688114" lon="10.720987297733803">
        <ele>107.42</ele>
        <time>2026-07-26T09:14:17Z</time>
      </trkpt>
      <trkpt lat="59.919912016950448" lon="10.721053755186208">
        <ele>107.544</ele>
        <time>2026-07-26T09:14:18Z</time>
      </trkpt>
      <trkpt lat="59.919952944010213" lon="10.721118745684043">
        <ele>107.651</ele>
        <time>2026-07-26T09:14:19Z</time>
      </trkpt>
      <trkpt lat="59.919993345753035" lon="10.721183453616893">
        <ele>107.723</ele>
        <time>2026-07-26T09:14:20Z</time>
      </trkpt>
      <trkpt lat="59.920033065932166" lon="10.721247347181926">
        <ele>107.799</ele>
        <time>2026-07-26T09:14:21Z</time>
      </trkpt>
      <trkpt lat="59.920072779378394" lon="10.721307872571664">
        <ele>107.848</ele>
        <time>2026-07-26T09:14:22Z</time>
      </trkpt>
      <trkpt lat="59.920112683395629" lon="10.72136171773233">
        <ele>107.887</ele>
        <time>2026-07-26T09:14:23Z</time>
      </trkpt>
      <trkpt lat="59.920151851288153" lon="10.721410355373749">
        <ele>107.927</ele>
        <time>2026-07-26T09:14:24Z</time>
      </trkpt>
      <trkpt lat="59.920188638039896" lon="10.721456696247259">
        <ele>107.948</ele>
        <time>2026-07-26T09:14:25Z</time>
      </trkpt>
      <trkpt lat="59.920223191849495" lon="10.72150341007854">
        <ele>107.93</ele>
        <time>2026-07-26T09:14:26Z</time>
      </trkpt>
      <trkpt lat="59.920257013966967" lon="10.721551176834538">
        <ele>107.9</ele>
        <time>2026-07-26T09:14:27Z</time>
      </trkpt>
      <trkpt lat="59.920291305241179" lon="10.721599524573628">
        <ele>107.885</ele>
        <time>2026-07-26T09:14:28Z</time>
      </trkpt>
      <trkpt lat="59.920326403880544" lon="10.721648904029641">
        <ele>107.845</ele>
        <time>2026-07-26T09:14:29Z</time>
      </trkpt>
      <trkpt lat="59.920362722289362" lon="10.72169892406728">
        <ele>107.826</ele>
        <time>2026-07-26T09:14:30Z</time>
      </trkpt>
      <trkpt lat="59.920400233151916" lon="10.721749819921044">
        <ele>107.815</ele>
        <time>2026-07-26T09:14:31Z</time>
      </trkpt>
      <trkpt lat="59.920439031858578" lon="10.721801172707478">
        <ele>107.853</ele>
        <time>2026-07-26T09:14:32Z</time>
      </trkpt>
      <trkpt lat="59.92047926761925" lon="10.721852302074172">
        <ele>107.891</ele>
        <time>2026-07-26T09:14:33Z</time>
      </trkpt>
      <trkpt lat="59.920520876337676" lon="10.721902666770434">
        <ele>107.926</ele>
        <time>2026-07-26T09:14:34Z</time>
      </trkpt>
      <trkpt lat="59.920563546582578" lon="10.721951893151214">
        <ele>107.942</ele>
        <time>2026-07-26T09:14:35Z</time>
      </trkpt>
      <trkpt lat="59.920607392753652" lon="10.721999483113281">
        <ele>107.969</ele>
        <time>2026-07-26T09:14:36Z</time>
      </trkpt>
      <trkpt lat="59.92065176725982" lon="10.722046132162536">
        <ele>108.076</ele>
        <time>2026-07-26T09:14:37Z</time>
      </trkpt>
      <trkpt lat="59.920696660833073" lon="10.722091784070464">
        <ele>108.177</ele>
        <time>2026-07-26T09:14:38Z</time>
      </trkpt>
      <trkpt lat="59.920742395995269" lon="10.722137390330429">
        <ele>108.273</ele>
        <time>2026-07-26T09:14:39Z</time>
      </trkpt>
      <trkpt lat="59.920789016116771" lon="10.722183472472922">
        <ele>108.361</ele>
        <time>2026-07-26T09:14:40Z</time>
      </trkpt>
      <trkpt lat="59.920835759220033" lon="10.722230232809089">
        <ele>108.511</ele>
        <time>2026-07-26T09:14:41Z</time>
      </trkpt>
      <trkpt lat="59.92088230637593" lon="10.722278113045711">
        <ele>108.695</ele>
        <time>2026-07-26T09:14:42Z</time>
      </trkpt>
      <trkpt lat="59.920927919516529" lon="10.722327738076354">
        <ele>108.858</ele>
        <time>2026-07-26T09:14:43Z</time>
      </trkpt>
      <trkpt lat="59.920972622733395" lon="10.722378547791829">
        <ele>108.991</ele>
        <time>2026-07-26T09:14:44Z</time>
      </trkpt>
      <trkpt lat="59.921017500899026" lon="10.722428376702943">
        <ele>109.33</ele>
        <time>2026-07-26T09:14:45Z</time>
      </trkpt>
      <trkpt lat="59.921062848206212" lon="10.722479068484756">
        <ele>109.614</ele>
        <time>2026-07-26T09:14:46Z</time>
      </trkpt>
      <trkpt lat="59.92110869877763" lon="10.722530323589943">
        <ele>109.841</ele>
        <time>2026-07-26T09:14:47Z</time>
      </trkpt>
      <trkpt lat="59.921154914849396" lon="10.722582791021011">
        <ele>110.047</ele>
        <time>2026-07-26T09:14:48Z</time>
      </trkpt>
      <trkpt lat="59.9212009438438" lon="10.722634701656574">
        <ele>110.248</ele>
        <time>2026-07-26T09:14:49Z</time>
      </trkpt>
      <trkpt lat="59.921245657059636" lon="10.722685991340137">
        <ele>110.429</ele>
        <time>2026-07-26T09:14:50Z</time>
      </trkpt>
      <trkpt lat="59.92128835122427" lon="10.722735713317443">
        <ele>110.61</ele>
        <time>2026-07-26T09:14:51Z</time>
      </trkpt>
      <trkpt lat="59.921328669898109" lon="10.722782535246317">
        <ele>110.741</ele>
        <time>2026-07-26T09:14:52Z</time>
      </trkpt>
      <trkpt lat="59.921366526087411" lon="10.722827860748925">
        <ele>110.831</ele>
        <time>2026-07-26T09:14:53Z</time>
      </trkpt>
      <trkpt lat="59.921401789603962" lon="10.722871455983888">
        <ele>110.89</ele>
        <time>2026-07-26T09:14:54Z</time>
      </trkpt>
      <trkpt lat="59.921434832704044" lon="10.722912211773554">
        <ele>110.927</ele>
        <time>2026-07-26T09:14:55Z</time>
      </trkpt>
      <trkpt lat="59.921465353376142" lon="10.722950598588266">
        <ele>110.91</ele>
        <time>2026-07-26T09:14:56Z</time>
      </trkpt>
      <trkpt lat="59.921493883762302" lon="10.722985647898307">
        <ele>110.892</ele>
        <time>2026-07-26T09:14:57Z</time>
      </trkpt>
      <trkpt lat="59.92151991042055" lon="10.72301707015424">
        <ele>110.904</ele>
        <time>2026-07-26T09:14:58Z</time>
      </trkpt>
      <trkpt lat="59.921543129164199" lon="10.723045374440172">
        <ele>110.951</ele>
        <time>2026-07-26T09:14:59Z</time>
      </trkpt>
      <trkpt lat="59.921563291507859" lon="10.723068636580003">
        <ele>110.911</ele>
        <time>2026-07-26T09:15:00Z</time>
      </trkpt>
      <trkpt lat="59.921578655402648" lon="10.723085690399399">
        <ele>110.819</ele>
        <time>2026-07-26T09:15:01Z</time>
      </trkpt>
      <trkpt lat="59.921591199329534" lon="10.723090321828389">
        <ele>110.486</ele>
        <time>2026-07-26T09:15:12Z</time>
      </trkpt>
      <trkpt lat="59.921605060340717" lon="10.723094034354258">
        <ele>110.188</ele>
        <time>2026-07-26T09:15:14Z</time>
      </trkpt>
      <trkpt lat="59.921620836178434" lon="10.723097119617421">
        <ele>109.899</ele>
        <time>2026-07-26T09:15:15Z</time>
      </trkpt>
      <trkpt lat="59.921639825994824" lon="10.723097669519337">
        <ele>109.686</ele>
        <time>2026-07-26T09:15:16Z</time>
      </trkpt>
      <trkpt lat="59.921662880603009" lon="10.723093307009865">
        <ele>109.496</ele>
        <time>2026-07-26T09:15:17Z</time>
      </trkpt>
      <trkpt lat="59.921689902291241" lon="10.723080651527797">
        <ele>109.389</ele>
        <time>2026-07-26T09:15:18Z</time>
      </trkpt>
      <trkpt lat="59.921720578529055" lon="10.723057700726764">
        <ele>109.354</ele>
        <time>2026-07-26T09:15:19Z</time>
      </trkpt>
      <trkpt lat="59.921754173596248" lon="10.72302378611044">
        <ele>109.369</ele>
        <time>2026-07-26T09:15:20Z</time>
      </trkpt>
      <trkpt lat="59.921789671920422" lon="10.722980635634993">
        <ele>109.471</ele>
        <time>2026-07-26T09:15:21Z</time>
      </trkpt>
      <trkpt lat="59.921825616779778" lon="10.722926558507597">
        <ele>109.623</ele>
        <time>2026-07-26T09:15:22Z</time>
      </trkpt>
      <trkpt lat="59.921861293595953" lon="10.722861617590505">
        <ele>109.806</ele>
        <time>2026-07-26T09:15:23Z</time>
      </trkpt>
      <trkpt lat="59.921896485779861" lon="10.722787299489772">
        <ele>109.997</ele>
        <time>2026-07-26T09:15:24Z</time>
      </trkpt>
      <trkpt lat="59.921930983591558" lon="10.722705535955175">
        <ele>110.209</ele>
        <time>2026-07-26T09:15:25Z</time>
      </trkpt>
      <trkpt lat="59.921964527383878" lon="10.722618772682054">
        <ele>110.534</ele>
        <time>2026-07-26T09:15:26Z</time>
      </trkpt>
      <trkpt lat="59.921998335637838" lon="10.722529835094234">
        <ele>110.835</ele>
        <time>2026-07-26T09:15:27Z</time>
      </trkpt>
      <trkpt lat="59.922032533597175" lon="10.72244078918864">
        <ele>111.143</ele>
        <time>2026-07-26T09:15:28Z</time>
      </trkpt>
      <trkpt lat="59.922066676563539" lon="10.722351897067494">
        <ele>111.416</ele>
        <time>2026-07-26T09:15:29Z</time>
      </trkpt>
      <trkpt lat="59.922100307315887" lon="10.722262887166886">
        <ele>111.707</ele>
        <time>2026-07-26T09:15:30Z</time>
      </trkpt>
      <trkpt lat="59.922134105967345" lon="10.722175084025611">
        <ele>111.994</ele>
        <time>2026-07-26T09:15:31Z</time>
      </trkpt>
      <trkpt lat="59.922167805885721" lon="10.722089070561367">
        <ele>112.286</ele>
        <time>2026-07-26T09:15:32Z</time>
      </trkpt>
      <trkpt lat="59.922202002090629" lon="10.722005340554196">
        <ele>112.549</ele>
        <time>2026-07-26T09:15:33Z</time>
      </trkpt>
      <trkpt lat="59.9222368270473" lon="10.721924742290106">
        <ele>112.805</ele>
        <time>2026-07-26T09:15:34Z</time>
      </trkpt>
      <trkpt lat="59.922272283060096" lon="10.72184728598946">
        <ele>113.059</ele>
        <time>2026-07-26T09:15:35Z</time>
      </trkpt>
      <trkpt lat="59.922308104299191" lon="10.721772295158155">
        <ele>113.304</ele>
        <time>2026-07-26T09:15:36Z</time>
      </trkpt>
      <trkpt lat="59.922344605557825" lon="10.721700307330298">
        <ele>113.539</ele>
        <time>2026-07-26T09:15:37Z</time>
      </trkpt>
      <trkpt lat="59.92238146779836" lon="10.721630370618168">
        <ele>113.751</ele>
        <time>2026-07-26T09:15:38Z</time>
      </trkpt>
      <trkpt lat="59.922418465771614" lon="10.721562824152461">
        <ele>113.943</ele>
        <time>2026-07-26T09:15:39Z</time>
      </trkpt>
      <trkpt lat="59.922454567648884" lon="10.721500678801331">
        <ele>114.099</ele>
        <time>2026-07-26T09:15:40Z</time>
      </trkpt>
      <trkpt lat="59.92248842271831" lon="10.721444850529926">
        <ele>114.23</ele>
        <time>2026-07-26T09:15:41Z</time>
      </trkpt>
      <trkpt lat="59.922520778637988" lon="10.721394789062803">
        <ele>114.351</ele>
        <time>2026-07-26T09:15:42Z</time>
      </trkpt>
      <trkpt lat="59.922552601201886" lon="10.72134735707005">
        <ele>114.471</ele>
        <time>2026-07-26T09:15:43Z</time>
      </trkpt>
      <trkpt lat="59.92258463167488" lon="10.721300916022839">
        <ele>114.569</ele>
        <time>2026-07-26T09:15:44Z</time>
      </trkpt>
      <trkpt lat="59.922617292359988" lon="10.72125226476143">
        <ele>114.832</ele>
        <time>2026-07-26T09:15:45Z</time>
      </trkpt>
      <trkpt lat="59.922651151587978" lon="10.721204047973302">
        <ele>115.038</ele>
        <time>2026-07-26T09:15:46Z</time>
      </trkpt>
      <trkpt lat="59.922686316284107" lon="10.721155733297259">
        <ele>115.198</ele>
        <time>2026-07-26T09:15:47Z</time>
      </trkpt>
      <trkpt lat="59.922722567516161" lon="10.721105949910461">
        <ele>115.27</ele>
        <time>2026-07-26T09:15:48Z</time>
      </trkpt>
      <trkpt lat="59.92276008952286" lon="10.721054710094432">
        <ele>115.294</ele>
        <time>2026-07-26T09:15:49Z</time>
      </trkpt>
      <trkpt lat="59.922797436312301" lon="10.721004413506158">
        <ele>115.247</ele>
        <time>2026-07-26T09:15:50Z</time>
      </trkpt>
      <trkpt lat="59.922834008180942" lon="10.720952628006492">
        <ele>115.152</ele>
        <time>2026-07-26T09:15:51Z</time>
      </trkpt>
      <trkpt lat="59.922869835567205" lon="10.72089892602091">
        <ele>115.021</ele>
        <time>2026-07-26T09:15:52Z</time>
      </trkpt>
      <trkpt lat="59.922905023858888" lon="10.720845886229037">
        <ele>114.885</ele>
        <time>2026-07-26T09:15:53Z</time>
      </trkpt>
      <trkpt lat="59.922939889153781" lon="10.720793836914899">
        <ele>114.715</ele>
        <time>2026-07-26T09:15:54Z</time>
      </trkpt>
      <trkpt lat="59.922975233764795" lon="10.72074102315961">
        <ele>114.522</ele>
        <time>2026-07-26T09:15:55Z</time>
      </trkpt>
      <trkpt lat="59.923010391754204" lon="10.720688476150892">
        <ele>114.309</ele>
        <time>2026-07-26T09:15:56Z</time>
      </trkpt>
      <trkpt lat="59.923044958847377" lon="10.720636058048585">
        <ele>114.098</ele>
        <time>2026-07-26T09:15:57Z</time>
      </trkpt>
      <trkpt lat="59.923078139617303" lon="10.720583298944195">
        <ele>113.898</ele>
        <time>2026-07-26T09:15:58Z</time>
      </trkpt>
      <trkpt lat="59.923109598403883" lon="10.7205295976241">
        <ele>113.695</ele>
        <time>2026-07-26T09:15:59Z</time>
      </trkpt>
      <trkpt lat="59.923138929661206" lon="10.720475795558428">
        <ele>113.542</ele>
        <time>2026-07-26T09:16:00Z</time>
      </trkpt>
      <trkpt lat="59.923164938791118" lon="10.720419673902123">
        <ele>113.359</ele>
        <time>2026-07-26T09:16:01Z</time>
      </trkpt>
      <trkpt lat="59.923186347632772" lon="10.720359228021131">
        <ele>113.158</ele>
        <time>2026-07-26T09:16:02Z</time>
      </trkpt>
      <trkpt lat="59.923198704011263" lon="10.720294130571011">
        <ele>112.95</ele>
        <time>2026-07-26T09:16:03Z</time>
      </trkpt>
      <trkpt lat="59.923199182684314" lon="10.72022645684217">
        <ele>112.775</ele>
        <time>2026-07-26T09:16:04Z</time>
      </trkpt>
      <trkpt lat="59.923189890137635" lon="10.720157518502896">
        <ele>112.626</ele>
        <time>2026-07-26T09:16:05Z</time>
      </trkpt>
      <trkpt lat="59.923170741729407" lon="10.720087317615999">
        <ele>112.72</ele>
        <time>2026-07-26T09:16:06Z</time>
      </trkpt>
      <trkpt lat="59.923144057711347" lon="10.720018195615948">
        <ele>112.836</ele>
        <time>2026-07-26T09:16:07Z</time>
      </trkpt>
      <trkpt lat="59.923108788115726" lon="10.719949595941509">
        <ele>112.941</ele>
        <time>2026-07-26T09:16:08Z</time>
      </trkpt>
      <trkpt lat="59.923066556053833" lon="10.719883075865297">
        <ele>113.082</ele>
        <time>2026-07-26T09:16:09Z</time>
      </trkpt>
      <trkpt lat="59.923019774880231" lon="10.719818130865486">
        <ele>113.195</ele>
        <time>2026-07-26T09:16:10Z</time>
      </trkpt>
      <trkpt lat="59.922970276436089" lon="10.719754008948588">
        <ele>113.309</ele>
        <time>2026-07-26T09:16:11Z</time>
      </trkpt>
      <trkpt lat="59.922919051813068" lon="10.719690465795678">
        <ele>113.463</ele>
        <time>2026-07-26T09:16:12Z</time>
      </trkpt>
      <trkpt lat="59.922868258390217" lon="10.719629026743206">
        <ele>113.615</ele>
        <time>2026-07-26T09:16:13Z</time>
      </trkpt>
      <trkpt lat="59.922819348676938" lon="10.719568712341323">
        <ele>113.784</ele>
        <time>2026-07-26T09:16:14Z</time>
      </trkpt>
      <trkpt lat="59.92277224908468" lon="10.719508734199215">
        <ele>113.905</ele>
        <time>2026-07-26T09:16:15Z</time>
      </trkpt>
      <trkpt lat="59.922727896397582" lon="10.719447962548507">
        <ele>113.962</ele>
        <time>2026-07-26T09:16:16Z</time>
      </trkpt>
      <trkpt lat="59.922684188783307" lon="10.719384580514516">
        <ele>114.03</ele>
        <time>2026-07-26T09:16:17Z</time>
      </trkpt>
      <trkpt lat="59.922642034929183" lon="10.719318654050225">
        <ele>114.096</ele>
        <time>2026-07-26T09:16:18Z</time>
      </trkpt>
      <trkpt lat="59.922598020041377" lon="10.719249349545688">
        <ele>114.107</ele>
        <time>2026-07-26T09:16:19Z</time>
      </trkpt>
      <trkpt lat="59.922552914262909" lon="10.719179261184079">
        <ele>114.141</ele>
        <time>2026-07-26T09:16:20Z</time>
      </trkpt>
      <trkpt lat="59.92250859581506" lon="10.719110975080204">
        <ele>114.144</ele>
        <time>2026-07-26T09:16:21Z</time>
      </trkpt>
      <trkpt lat="59.922464385928158" lon="10.719043027923931">
        <ele>114.128</ele>
        <time>2026-07-26T09:16:22Z</time>
      </trkpt>
      <trkpt lat="59.922420207628562" lon="10.718974304652365">
        <ele>114.036</ele>
        <time>2026-07-26T09:16:23Z</time>
      </trkpt>
      <trkpt lat="59.92237636646005" lon="10.718905126243335">
        <ele>113.935</ele>
        <time>2026-07-26T09:16:24Z</time>
      </trkpt>
      <trkpt lat="59.922333059865281" lon="10.718836264109321">
        <ele>113.84</ele>
        <time>2026-07-26T09:16:25Z</time>
      </trkpt>
      <trkpt lat="59.922290376944829" lon="10.718767375442555">
        <ele>113.735</ele>
        <time>2026-07-26T09:16:26Z</time>
      </trkpt>
      <trkpt lat="59.92224853486934" lon="10.718699902325898">
        <ele>113.648</ele>
        <time>2026-07-26T09:16:27Z</time>
      </trkpt>
      <trkpt lat="59.922207313054393" lon="10.718633653039408">
        <ele>113.535</ele>
        <time>2026-07-26T09:16:28Z</time>
      </trkpt>
      <trkpt lat="59.922166307885192" lon="10.718566573792227">
        <ele>113.43</ele>
        <time>2026-07-26T09:16:29Z</time>
      </trkpt>
      <trkpt lat="59.922126347918535" lon="10.718499352139627">
        <ele>113.352</ele>
        <time>2026-07-26T09:16:30Z</time>
      </trkpt>
      <trkpt lat="59.922088273762306" lon="10.718433447011014">
        <ele>113.289</ele>
        <time>2026-07-26T09:16:31Z</time>
      </trkpt>
      <trkpt lat="59.922052357797625" lon="10.71837071099757">
        <ele>113.201</ele>
        <time>2026-07-26T09:16:32Z</time>
      </trkpt>
      <trkpt lat="59.922018646281138" lon="10.718312043845152">
        <ele>113.051</ele>
        <time>2026-07-26T09:16:33Z</time>
      </trkpt>
      <trkpt lat="59.921989086979409" lon="10.718259684183295">
        <ele>112.646</ele>
        <time>2026-07-26T09:16:34Z</time>
      </trkpt>
      <trkpt lat="59.921962676743618" lon="10.718213093563385">
        <ele>112.396</ele>
        <time>2026-07-26T09:16:35Z</time>
      </trkpt>
      <trkpt lat="59.921937318845579" lon="10.718172710955937">
        <ele>112.292</ele>
        <time>2026-07-26T09:16:36Z</time>
      </trkpt>
      <trkpt lat="59.921911458425498" lon="10.718142499886923">
        <ele>112.131</ele>
        <time>2026-07-26T09:16:37Z</time>
      </trkpt>
      <trkpt lat="59.921884161922776" lon="10.7181296013318">
        <ele>112.025</ele>
        <time>2026-07-26T09:16:38Z</time>
      </trkpt>
      <trkpt lat="59.921856070352632" lon="10.718136958610501">
        <ele>112.021</ele>
        <time>2026-07-26T09:16:39Z</time>
      </trkpt>
      <trkpt lat="59.92182819314997" lon="10.718160542641606">
        <ele>112.006</ele>
        <time>2026-07-26T09:16:40Z</time>
      </trkpt>
      <trkpt lat="59.921801271065306" lon="10.718201724215117">
        <ele>112.001</ele>
        <time>2026-07-26T09:16:41Z</time>
      </trkpt>
      <trkpt lat="59.921774169052497" lon="10.718257465256176">
        <ele>112.06</ele>
        <time>2026-07-26T09:16:42Z</time>
      </trkpt>
      <trkpt lat="59.921745882590216" lon="10.718324872734085">
        <ele>112.125</ele>
        <time>2026-07-26T09:16:43Z</time>
      </trkpt>
      <trkpt lat="59.921716869550181" lon="10.718401879455056">
        <ele>112.186</ele>
        <time>2026-07-26T09:16:44Z</time>
      </trkpt>
      <trkpt lat="59.921687282931792" lon="10.718484825389316">
        <ele>112.232</ele>
        <time>2026-07-26T09:16:45Z</time>
      </trkpt>
      <trkpt lat="59.921657076358052" lon="10.718571904888645">
        <ele>112.295</ele>
        <time>2026-07-26T09:16:46Z</time>
      </trkpt>
      <trkpt lat="59.921626284509088" lon="10.718661870772303">
        <ele>112.363</ele>
        <time>2026-07-26T09:16:47Z</time>
      </trkpt>
      <trkpt lat="59.921595200778938" lon="10.718752331427357">
        <ele>112.475</ele>
        <time>2026-07-26T09:16:48Z</time>
      </trkpt>
      <trkpt lat="59.921564199201377" lon="10.718840382010679">
        <ele>112.608</ele>
        <time>2026-07-26T09:16:49Z</time>
      </trkpt>
      <trkpt lat="59.921534478075905" lon="10.718925403981586">
        <ele>112.73</ele>
        <time>2026-07-26T09:16:50Z</time>
      </trkpt>
      <trkpt lat="59.921507016768516" lon="10.71900859926815">
        <ele>112.864</ele>
        <time>2026-07-26T09:16:51Z</time>
      </trkpt>
      <trkpt lat="59.921482365753072" lon="10.719089678799627">
        <ele>112.929</ele>
        <time>2026-07-26T09:16:52Z</time>
      </trkpt>
      <trkpt lat="59.921461921882397" lon="10.719166405039722">
        <ele>112.984</ele>
        <time>2026-07-26T09:16:53Z</time>
      </trkpt>
      <trkpt lat="59.921447597342897" lon="10.719241386566379">
        <ele>113.058</ele>
        <time>2026-07-26T09:16:54Z</time>
      </trkpt>
      <trkpt lat="59.921441826843143" lon="10.719315620737278">
        <ele>113.232</ele>
        <time>2026-07-26T09:16:55Z</time>
      </trkpt>
      <trkpt lat="59.921446170345106" lon="10.71938971487852">
        <ele>113.364</ele>
        <time>2026-07-26T09:16:56Z</time>
      </trkpt>
      <trkpt lat="59.921460485302362" lon="10.71946205872004">
        <ele>113.521</ele>
        <time>2026-07-26T09:16:57Z</time>
      </trkpt>
      <trkpt lat="59.921484233429339" lon="10.719530240282193">
        <ele>113.687</ele>
        <time>2026-07-26T09:16:58Z</time>
      </trkpt>
      <trkpt lat="59.921517168703929" lon="10.719595449038646">
        <ele>113.796</ele>
        <time>2026-07-26T09:16:59Z</time>
      </trkpt>
      <trkpt lat="59.921556989544349" lon="10.719658916385139">
        <ele>113.921</ele>
        <time>2026-07-26T09:17:00Z</time>
      </trkpt>
      <trkpt lat="59.921601641644756" lon="10.719721539042977">
        <ele>114.017</ele>
        <time>2026-07-26T09:17:01Z</time>
      </trkpt>
      <trkpt lat="59.921649595050262" lon="10.719784136098562">
        <ele>114.106</ele>
        <time>2026-07-26T09:17:02Z</time>
      </trkpt>
      <trkpt lat="59.921699379207773" lon="10.719847319813397">
        <ele>114.149</ele>
        <time>2026-07-26T09:17:03Z</time>
      </trkpt>
      <trkpt lat="59.921750248729204" lon="10.719910396776353">
        <ele>114.158</ele>
        <time>2026-07-26T09:17:04Z</time>
      </trkpt>
      <trkpt lat="59.921801232309718" lon="10.719973500033319">
        <ele>114.179</ele>
        <time>2026-07-26T09:17:05Z</time>
      </trkpt>
      <trkpt lat="59.921851819586529" lon="10.720036341201391">
        <ele>114.211</ele>
        <time>2026-07-26T09:17:06Z</time>
      </trkpt>
      <trkpt lat="59.921901201949701" lon="10.720099838732272">
        <ele>114.205</ele>
        <time>2026-07-26T09:17:07Z</time>
      </trkpt>
      <trkpt lat="59.921949129741897" lon="10.720163787332563">
        <ele>114.201</ele>
        <time>2026-07-26T09:17:08Z</time>
      </trkpt>
      <trkpt lat="59.921995929749549" lon="10.720227466954244">
        <ele>114.174</ele>
        <time>2026-07-26T09:17:09Z</time>
      </trkpt>
      <trkpt lat="59.922041401322787" lon="10.720291321024966">
        <ele>114.177</ele>
        <time>2026-07-26T09:17:10Z</time>
      </trkpt>
      <trkpt lat="59.922085694464208" lon="10.720354905153286">
        <ele>114.157</ele>
        <time>2026-07-26T09:17:12Z</time>
      </trkpt>
      <trkpt lat="59.922128370199907" lon="10.720418620903228">
        <ele>114.193</ele>
        <time>2026-07-26T09:17:13Z</time>
      </trkpt>
      <trkpt lat="59.922169664511827" lon="10.720483183990988">
        <ele>114.279</ele>
        <time>2026-07-26T09:17:14Z</time>
      </trkpt>
      <trkpt lat="59.922210340799623" lon="10.720549641298119">
        <ele>114.305</ele>
        <time>2026-07-26T09:17:15Z</time>
      </trkpt>
      <trkpt lat="59.922250953931332" lon="10.72061703116899">
        <ele>114.338</ele>
        <time>2026-07-26T09:17:16Z</time>
      </trkpt>
      <trkpt lat="59.922291472819403" lon="10.720684984361617">
        <ele>114.355</ele>
        <time>2026-07-26T09:17:17Z</time>
      </trkpt>
      <trkpt lat="59.922332032769944" lon="10.720754028070587">
        <ele>114.344</ele>
        <time>2026-07-26T09:17:18Z</time>
      </trkpt>
      <trkpt lat="59.92237268644849" lon="10.720823679731591">
        <ele>114.34</ele>
        <time>2026-07-26T09:17:19Z</time>
      </trkpt>
      <trkpt lat="59.922413384681121" lon="10.720893876673472">
        <ele>114.302</ele>
        <time>2026-07-26T09:17:20Z</time>
      </trkpt>
      <trkpt lat="59.922453376613696" lon="10.720963820671722">
        <ele>114.246</ele>
        <time>2026-07-26T09:17:21Z</time>
      </trkpt>
      <trkpt lat="59.922492069683756" lon="10.721031953444138">
        <ele>114.189</ele>
        <time>2026-07-26T09:17:22Z</time>
      </trkpt>
      <trkpt lat="59.92252889090237" lon="10.721097947764003">
        <ele>114.143</ele>
        <time>2026-07-26T09:17:23Z</time>
      </trkpt>
      <trkpt lat="59.92256342664804" lon="10.721161562569671">
        <ele>114.146</ele>
        <time>2026-07-26T09:17:24Z</time>
      </trkpt>
      <trkpt lat="59.922595694864007" lon="10.721221609700761">
        <ele>114.167</ele>
        <time>2026-07-26T09:17:25Z</time>
      </trkpt>
      <trkpt lat="59.92262490788714" lon="10.721278833465771">
        <ele>114.274</ele>
        <time>2026-07-26T09:17:26Z</time>
      </trkpt>
      <trkpt lat="59.922652644475242" lon="10.721334670998514">
        <ele>114.375</ele>
        <time>2026-07-26T09:17:27Z</time>
      </trkpt>
      <trkpt lat="59.922680355432412" lon="10.721390977042924">
        <ele>114.553</ele>
        <time>2026-07-26T09:17:28Z</time>
      </trkpt>
      <trkpt lat="59.922709288283315" lon="10.721448435177699">
        <ele>114.769</ele>
        <time>2026-07-26T09:17:29Z</time>
      </trkpt>
      <trkpt lat="59.922739842237519" lon="10.721507288205137">
        <ele>114.959</ele>
        <time>2026-07-26T09:17:30Z</time>
      </trkpt>
      <trkpt lat="59.922771821599241" lon="10.72156812967121">
        <ele>115.099</ele>
        <time>2026-07-26T09:17:31Z</time>
      </trkpt>
      <trkpt lat="59.922804827682398" lon="10.721631333592835">
        <ele>115.184</ele>
        <time>2026-07-26T09:17:32Z</time>
      </trkpt>
      <trkpt lat="59.922838944859798" lon="10.721696324947551">
        <ele>115.255</ele>
        <time>2026-07-26T09:17:33Z</time>
      </trkpt>
      <trkpt lat="59.922873830737394" lon="10.721763121076048">
        <ele>115.281</ele>
        <time>2026-07-26T09:17:34Z</time>
      </trkpt>
      <trkpt lat="59.922909923293034" lon="10.721830484115539">
        <ele>115.316</ele>
        <time>2026-07-26T09:17:35Z</time>
      </trkpt>
      <trkpt lat="59.922946924354953" lon="10.721897149100659">
        <ele>115.335</ele>
        <time>2026-07-26T09:17:36Z</time>
      </trkpt>
      <trkpt lat="59.922985335218215" lon="10.721962863754483">
        <ele>115.314</ele>
        <time>2026-07-26T09:17:37Z</time>
      </trkpt>
      <trkpt lat="59.923024576089716" lon="10.722029011125256">
        <ele>115.295</ele>
        <time>2026-07-26T09:17:38Z</time>
      </trkpt>
      <trkpt lat="59.923063836935071" lon="10.722095496166633">
        <ele>115.219</ele>
        <time>2026-07-26T09:17:39Z</time>
      </trkpt>
      <trkpt lat="59.923103444884319" lon="10.722162628883284">
        <ele>115.13</ele>
        <time>2026-07-26T09:17:40Z</time>
      </trkpt>
      <trkpt lat="59.923144352430612" lon="10.722229619305145">
        <ele>115.258</ele>
        <time>2026-07-26T09:17:41Z</time>
      </trkpt>
      <trkpt lat="59.923185647671744" lon="10.72229675972571">
        <ele>115.331</ele>
        <time>2026-07-26T09:17:42Z</time>
      </trkpt>
      <trkpt lat="59.923226830455235" lon="10.722363921626672">
        <ele>115.37</ele>
        <time>2026-07-26T09:17:43Z</time>
      </trkpt>
      <trkpt lat="59.923267654421807" lon="10.722430721145553">
        <ele>115.384</ele>
        <time>2026-07-26T09:17:44Z</time>
      </trkpt>
      <trkpt lat="59.923308416580753" lon="10.722497943188175">
        <ele>115.365</ele>
        <time>2026-07-26T09:17:45Z</time>
      </trkpt>
      <trkpt lat="59.923348780186338" lon="10.722564802443198">
        <ele>115.331</ele>
        <time>2026-07-26T09:17:46Z</time>
      </trkpt>
      <trkpt lat="59.923389783258038" lon="10.722631767222877">
        <ele>115.271</ele>
        <time>2026-07-26T09:17:47Z</time>
      </trkpt>
      <trkpt lat="59.923431243900758" lon="10.722698558991917">
        <ele>115.211</ele>
        <time>2026-07-26T09:17:48Z</time>
      </trkpt>
      <trkpt lat="59.923473209630281" lon="10.722766291635226">
        <ele>115.142</ele>
        <time>2026-07-26T09:17:49Z</time>
      </trkpt>
      <trkpt lat="59.923515899894468" lon="10.722835111044205">
        <ele>115.041</ele>
        <time>2026-07-26T09:17:50Z</time>
      </trkpt>
      <trkpt lat="59.923558296702737" lon="10.72290460344751">
        <ele>114.972</ele>
        <time>2026-07-26T09:17:51Z</time>
      </trkpt>
      <trkpt lat="59.923599876674864" lon="10.72297361978486">
        <ele>114.907</ele>
        <time>2026-07-26T09:17:52Z</time>
      </trkpt>
      <trkpt lat="59.923640833670454" lon="10.723042684796727">
        <ele>114.834</ele>
        <time>2026-07-26T09:17:53Z</time>
      </trkpt>
      <trkpt lat="59.923681576330836" lon="10.72311160157037">
        <ele>114.772</ele>
        <time>2026-07-26T09:17:54Z</time>
      </trkpt>
      <trkpt lat="59.923721815987861" lon="10.723179757088181">
        <ele>114.704</ele>
        <time>2026-07-26T09:17:55Z</time>
      </trkpt>
      <trkpt lat="59.923761407865769" lon="10.72324537421391">
        <ele>114.641</ele>
        <time>2026-07-26T09:17:56Z</time>
      </trkpt>
      <trkpt lat="59.923799587078207" lon="10.7233083531367">
        <ele>114.507</ele>
        <time>2026-07-26T09:17:57Z</time>
      </trkpt>
      <trkpt lat="59.923835458337564" lon="10.723367612780205">
        <ele>114.403</ele>
        <time>2026-07-26T09:17:58Z</time>
      </trkpt>
      <trkpt lat="59.923868304334029" lon="10.723421876276914">
        <ele>114.359</ele>
        <time>2026-07-26T09:17:59Z</time>
      </trkpt>
      <trkpt lat="59.923896762146867" lon="10.723471957213174">
        <ele>114.323</ele>
        <time>2026-07-26T09:18:00Z</time>
      </trkpt>
      <trkpt lat="59.923921588645001" lon="10.723516901597018">
        <ele>114.315</ele>
        <time>2026-07-26T09:18:01Z</time>
      </trkpt>
      <trkpt lat="59.923943226653073" lon="10.723554818688314">
        <ele>114.271</ele>
        <time>2026-07-26T09:18:02Z</time>
      </trkpt>
      <trkpt lat="59.923962114159352" lon="10.723585348136703">
        <ele>114.205</ele>
        <time>2026-07-26T09:18:03Z</time>
      </trkpt>
      <trkpt lat="59.923978681841028" lon="10.723602726482518">
        <ele>114.161</ele>
        <time>2026-07-26T09:18:04Z</time>
      </trkpt>
      <trkpt lat="59.923992745648484" lon="10.723600754407062">
        <ele>114.12</ele>
        <time>2026-07-26T09:18:05Z</time>
      </trkpt>
      <trkpt lat="59.924003714836353" lon="10.723577363102912">
        <ele>114.091</ele>
        <time>2026-07-26T09:18:06Z</time>
      </trkpt>
      <trkpt lat="59.924013071312459" lon="10.723535695936308">
        <ele>114.163</ele>
        <time>2026-07-26T09:18:07Z</time>
      </trkpt>
      <trkpt lat="59.92402111319528" lon="10.723477532621713">
        <ele>114.188</ele>
        <time>2026-07-26T09:18:08Z</time>
      </trkpt>
      <trkpt lat="59.924027581535121" lon="10.723405035622429">
        <ele>114.141</ele>
        <time>2026-07-26T09:18:09Z</time>
      </trkpt>
      <trkpt lat="59.924030940798474" lon="10.723320932129706">
        <ele>114.06</ele>
        <time>2026-07-26T09:18:10Z</time>
      </trkpt>
      <trkpt lat="59.924031676846553" lon="10.723232843055193">
        <ele>113.908</ele>
        <time>2026-07-26T09:18:11Z</time>
      </trkpt>
      <trkpt lat="59.92402819098006" lon="10.7231397030114">
        <ele>113.762</ele>
        <time>2026-07-26T09:18:12Z</time>
      </trkpt>
      <trkpt lat="59.924022253668433" lon="10.723041160478092">
        <ele>113.646</ele>
        <time>2026-07-26T09:18:13Z</time>
      </trkpt>
      <trkpt lat="59.924015400073479" lon="10.722936075807921">
        <ele>113.511</ele>
        <time>2026-07-26T09:18:14Z</time>
      </trkpt>
      <trkpt lat="59.924008107912535" lon="10.722825453823148">
        <ele>113.402</ele>
        <time>2026-07-26T09:18:15Z</time>
      </trkpt>
      <trkpt lat="59.924000455006151" lon="10.722711635914253">
        <ele>113.346</ele>
        <time>2026-07-26T09:18:16Z</time>
      </trkpt>
      <trkpt lat="59.923992669503001" lon="10.722595806036878">
        <ele>113.331</ele>
        <time>2026-07-26T09:18:17Z</time>
      </trkpt>
      <trkpt lat="59.923985372038516" lon="10.722479474411106">
        <ele>113.395</ele>
        <time>2026-07-26T09:18:18Z</time>
      </trkpt>
      <trkpt lat="59.923979028951265" lon="10.722364051327924">
        <ele>113.575</ele>
        <time>2026-07-26T09:18:19Z</time>
      </trkpt>
      <trkpt lat="59.923974662800966" lon="10.722253021403219">
        <ele>113.855</ele>
        <time>2026-07-26T09:18:20Z</time>
      </trkpt>
      <trkpt lat="59.923971694679587" lon="10.722145676021649">
        <ele>114.129</ele>
        <time>2026-07-26T09:18:21Z</time>
      </trkpt>
      <trkpt lat="59.923977579743351" lon="10.722055256803737">
        <ele>114.397</ele>
        <time>2026-07-26T09:18:22Z</time>
      </trkpt>
      <trkpt lat="59.923992312295226" lon="10.721991394889386">
        <ele>114.629</ele>
        <time>2026-07-26T09:18:23Z</time>
      </trkpt>
      <trkpt lat="59.924014524692879" lon="10.721957666747471">
        <ele>114.813</ele>
        <time>2026-07-26T09:18:24Z</time>
      </trkpt>
      <trkpt lat="59.924042993148596" lon="10.721953628156069">
        <ele>114.957</ele>
        <time>2026-07-26T09:18:25Z</time>
      </trkpt>
      <trkpt lat="59.924076016472945" lon="10.721976951835357">
        <ele>115.103</ele>
        <time>2026-07-26T09:18:26Z</time>
      </trkpt>
      <trkpt lat="59.924111939943607" lon="10.722024844285894">
        <ele>115.236</ele>
        <time>2026-07-26T09:18:27Z</time>
      </trkpt>
      <trkpt lat="59.92415025071967" lon="10.722092194015094">
        <ele>115.393</ele>
        <time>2026-07-26T09:18:28Z</time>
      </trkpt>
      <trkpt lat="59.924189813877852" lon="10.722172275531008">
        <ele>115.54</ele>
        <time>2026-07-26T09:18:29Z</time>
      </trkpt>
      <trkpt lat="59.924229775255199" lon="10.722259625991105">
        <ele>115.693</ele>
        <time>2026-07-26T09:18:30Z</time>
      </trkpt>
      <trkpt lat="59.924269045125129" lon="10.722351049949332">
        <ele>115.853</ele>
        <time>2026-07-26T09:18:31Z</time>
      </trkpt>
      <trkpt lat="59.924307837195315" lon="10.722443295657834">
        <ele>116.014</ele>
        <time>2026-07-26T09:18:32Z</time>
      </trkpt>
      <trkpt lat="59.924346682530036" lon="10.722535899087873">
        <ele>116.194</ele>
        <time>2026-07-26T09:18:33Z</time>
      </trkpt>
      <trkpt lat="59.924385436672424" lon="10.722629099715322">
        <ele>116.36</ele>
        <time>2026-07-26T09:18:34Z</time>
      </trkpt>
      <trkpt lat="59.924424470678446" lon="10.722722753809155">
        <ele>116.521</ele>
        <time>2026-07-26T09:18:35Z</time>
      </trkpt>
      <trkpt lat="59.924463851440059" lon="10.722814904589736">
        <ele>116.701</ele>
        <time>2026-07-26T09:18:36Z</time>
      </trkpt>
      <trkpt lat="59.924503806594188" lon="10.722905082228561">
        <ele>116.855</ele>
        <time>2026-07-26T09:18:37Z</time>
      </trkpt>
      <trkpt lat="59.924544041262138" lon="10.722993105516442">
        <ele>116.987</ele>
        <time>2026-07-26T09:18:38Z</time>
      </trkpt>
      <trkpt lat="59.924584704842111" lon="10.723078634784047">
        <ele>117.08</ele>
        <time>2026-07-26T09:18:39Z</time>
      </trkpt>
      <trkpt lat="59.924624910751355" lon="10.72316229853652">
        <ele>117.169</ele>
        <time>2026-07-26T09:18:40Z</time>
      </trkpt>
      <trkpt lat="59.924664017183872" lon="10.723243106863171">
        <ele>117.264</ele>
        <time>2026-07-26T09:18:41Z</time>
      </trkpt>
      <trkpt lat="59.924702362807949" lon="10.723321265390783">
        <ele>117.344</ele>
        <time>2026-07-26T09:18:42Z</time>
      </trkpt>
      <trkpt lat="59.924740384206501" lon="10.723396800056248">
        <ele>117.442</ele>
        <time>2026-07-26T09:18:43Z</time>
      </trkpt>
      <trkpt lat="59.924777737238834" lon="10.723471972680532">
        <ele>117.535</ele>
        <time>2026-07-26T09:18:44Z</time>
      </trkpt>
      <trkpt lat="59.92481353884417" lon="10.723545425785868">
        <ele>117.64</ele>
        <time>2026-07-26T09:18:45Z</time>
      </trkpt>
      <trkpt lat="59.924848352454894" lon="10.723613348028296">
        <ele>117.795</ele>
        <time>2026-07-26T09:18:46Z</time>
      </trkpt>
      <trkpt lat="59.924881425738604" lon="10.723677439434347">
        <ele>117.932</ele>
        <time>2026-07-26T09:18:47Z</time>
      </trkpt>
      <trkpt lat="59.924912700582205" lon="10.723737399040864">
        <ele>118.037</ele>
        <time>2026-07-26T09:18:48Z</time>
      </trkpt>
      <trkpt lat="59.924942275846469" lon="10.723791279108612">
        <ele>118.158</ele>
        <time>2026-07-26T09:18:49Z</time>
      </trkpt>
      <trkpt lat="59.924969494230993" lon="10.72383882146292">
        <ele>118.28</ele>
        <time>2026-07-26T09:18:50Z</time>
      </trkpt>
      <trkpt lat="59.924992931732739" lon="10.723881363050179">
        <ele>118.332</ele>
        <time>2026-07-26T09:18:51Z</time>
      </trkpt>
      <trkpt lat="59.925013988433548" lon="10.723917917972512">
        <ele>118.335</ele>
        <time>2026-07-26T09:18:52Z</time>
      </trkpt>
      <trkpt lat="59.925035066756315" lon="10.723948892379896">
        <ele>118.357</ele>
        <time>2026-07-26T09:18:53Z</time>
      </trkpt>
      <trkpt lat="59.925057414669666" lon="10.723979826038365">
        <ele>118.398</ele>
        <time>2026-07-26T09:18:54Z</time>
      </trkpt>
      <trkpt lat="59.92508054132724" lon="10.72401284837532">
        <ele>118.502</ele>
        <time>2026-07-26T09:18:55Z</time>
      </trkpt>
      <trkpt lat="59.925104731067606" lon="10.724046459845541">
        <ele>118.677</ele>
        <time>2026-07-26T09:18:56Z</time>
      </trkpt>
      <trkpt lat="59.925129052691943" lon="10.724076826342648">
        <ele>118.771</ele>
        <time>2026-07-26T09:18:57Z</time>
      </trkpt>
      <trkpt lat="59.925151318395457" lon="10.724102469152626">
        <ele>118.915</ele>
        <time>2026-07-26T09:18:58Z</time>
      </trkpt>
      <trkpt lat="59.925172003007106" lon="10.724124822163521">
        <ele>119.104</ele>
        <time>2026-07-26T09:18:59Z</time>
      </trkpt>
      <trkpt lat="59.925191826079818" lon="10.724144358208477">
        <ele>119.376</ele>
        <time>2026-07-26T09:19:00Z</time>
      </trkpt>
      <trkpt lat="59.925211488250177" lon="10.724159136484619">
        <ele>119.588</ele>
        <time>2026-07-26T09:19:01Z</time>
      </trkpt>
      <trkpt lat="59.92522925952818" lon="10.724169447664861">
        <ele>119.807</ele>
        <time>2026-07-26T09:19:02Z</time>
      </trkpt>
      <trkpt lat="59.925244989601389" lon="10.724178414744408">
        <ele>120.325</ele>
        <time>2026-07-26T09:19:11Z</time>
      </trkpt>
      <trkpt lat="59.925258215849517" lon="10.724184879033082">
        <ele>120.801</ele>
        <time>2026-07-26T09:19:12Z</time>
      </trkpt>
      <trkpt lat="59.925271638071059" lon="10.724192816004194">
        <ele>121.286</ele>
        <time>2026-07-26T09:19:13Z</time>
      </trkpt>
      <trkpt lat="59.925285336408372" lon="10.72420448471318">
        <ele>121.781</ele>
        <time>2026-07-26T09:19:14Z</time>
      </trkpt>
      <trkpt lat="59.925298587336485" lon="10.72421818064622">
        <ele>122.108</ele>
        <time>2026-07-26T09:19:15Z</time>
      </trkpt>
      <trkpt lat="59.925312870052338" lon="10.724232948667797">
        <ele>122.399</ele>
        <time>2026-07-26T09:19:16Z</time>
      </trkpt>
      <trkpt lat="59.92532804163843" lon="10.724247179201948">
        <ele>122.665</ele>
        <time>2026-07-26T09:19:17Z</time>
      </trkpt>
      <trkpt lat="59.925343952065049" lon="10.724261541569582">
        <ele>123.017</ele>
        <time>2026-07-26T09:19:18Z</time>
      </trkpt>
      <trkpt lat="59.925357634526414" lon="10.724273791128525">
        <ele>123.264</ele>
        <time>2026-07-26T09:19:19Z</time>
      </trkpt>
      <trkpt lat="59.92536939824975" lon="10.724285923794449">
        <ele>123.531</ele>
        <time>2026-07-26T09:19:21Z</time>
      </trkpt>
      <trkpt lat="59.925380608149375" lon="10.724297660895042">
        <ele>123.746</ele>
        <time>2026-07-26T09:19:22Z</time>
      </trkpt>
      <trkpt lat="59.925394188623464" lon="10.724309601944594">
        <ele>123.978</ele>
        <time>2026-07-26T09:19:23Z</time>
      </trkpt>
      <trkpt lat="59.92540977436731" lon="10.724322837771911">
        <ele>124.134</ele>
        <time>2026-07-26T09:19:24Z</time>
      </trkpt>
      <trkpt lat="59.925426771453623" lon="10.724338156454916">
        <ele>124.345</ele>
        <time>2026-07-26T09:19:25Z</time>
      </trkpt>
      <trkpt lat="59.925445854602543" lon="10.724355186187957">
        <ele>124.661</ele>
        <time>2026-07-26T09:19:26Z</time>
      </trkpt>
      <trkpt lat="59.925466794057186" lon="10.724373627181517">
        <ele>125.016</ele>
        <time>2026-07-26T09:19:27Z</time>
      </trkpt>
      <trkpt lat="59.925489635185556" lon="10.724394271457246">
        <ele>125.335</ele>
        <time>2026-07-26T09:19:28Z</time>
      </trkpt>
      <trkpt lat="59.925514024799462" lon="10.72441859696713">
        <ele>125.768</ele>
        <time>2026-07-26T09:19:29Z</time>
      </trkpt>
      <trkpt lat="59.925539383443287" lon="10.724444982294015">
        <ele>126.092</ele>
        <time>2026-07-26T09:19:30Z</time>
      </trkpt>
      <trkpt lat="59.925566670851197" lon="10.724473767241657">
        <ele>126.408</ele>
        <time>2026-07-26T09:19:31Z</time>
      </trkpt>
      <trkpt lat="59.925595169039909" lon="10.724506809938161">
        <ele>126.777</ele>
        <time>2026-07-26T09:19:32Z</time>
      </trkpt>
      <trkpt lat="59.92562404135149" lon="10.724539765035203">
        <ele>127.136</ele>
        <time>2026-07-26T09:19:33Z</time>
      </trkpt>
      <trkpt lat="59.925651152831385" lon="10.72457110499345">
        <ele>127.431</ele>
        <time>2026-07-26T09:19:34Z</time>
      </trkpt>
      <trkpt lat="59.925674448427515" lon="10.72459982680936">
        <ele>127.713</ele>
        <time>2026-07-26T09:19:35Z</time>
      </trkpt>
      <trkpt lat="59.92569271855146" lon="10.724625217811807">
        <ele>127.948</ele>
        <time>2026-07-26T09:19:37Z</time>
      </trkpt>
      <trkpt lat="59.925706775901247" lon="10.724648775759174">
        <ele>128.216</ele>
        <time>2026-07-26T09:19:39Z</time>
      </trkpt>
      <trkpt lat="59.92571996454528" lon="10.724672807149963">
        <ele>128.472</ele>
        <time>2026-07-26T09:19:40Z</time>
      </trkpt>
      <trkpt lat="59.925733057734256" lon="10.724696516958714">
        <ele>128.676</ele>
        <time>2026-07-26T09:19:41Z</time>
      </trkpt>
      <trkpt lat="59.9257503948389" lon="10.724722688434959">
        <ele>128.866</ele>
        <time>2026-07-26T09:19:42Z</time>
      </trkpt>
      <trkpt lat="59.925772380897257" lon="10.72475102186624">
        <ele>129.115</ele>
        <time>2026-07-26T09:19:43Z</time>
      </trkpt>
      <trkpt lat="59.925800050149903" lon="10.724783823637086">
        <ele>129.318</ele>
        <time>2026-07-26T09:19:44Z</time>
      </trkpt>
      <trkpt lat="59.925832409156087" lon="10.724822010997654">
        <ele>129.462</ele>
        <time>2026-07-26T09:19:45Z</time>
      </trkpt>
      <trkpt lat="59.925869573190042" lon="10.72486387289797">
        <ele>129.629</ele>
        <time>2026-07-26T09:19:46Z</time>
      </trkpt>
      <trkpt lat="59.925909502470844" lon="10.724907772852365">
        <ele>129.729</ele>
        <time>2026-07-26T09:19:47Z</time>
      </trkpt>
      <trkpt lat="59.92595103713267" lon="10.724952771677641">
        <ele>129.736</ele>
        <time>2026-07-26T09:19:48Z</time>
      </trkpt>
      <trkpt lat="59.925993715228707" lon="10.724998120001963">
        <ele>129.705</ele>
        <time>2026-07-26T09:19:49Z</time>
      </trkpt>
      <trkpt lat="59.926037703393668" lon="10.725044808215021">
        <ele>129.663</ele>
        <time>2026-07-26T09:19:50Z</time>
      </trkpt>
      <trkpt lat="59.926083158721866" lon="10.725093046503932">
        <ele>129.613</ele>
        <time>2026-07-26T09:19:51Z</time>
      </trkpt>
      <trkpt lat="59.926128917062655" lon="10.725141759466998">
        <ele>129.585</ele>
        <time>2026-07-26T09:19:52Z</time>
      </trkpt>
      <trkpt lat="59.926174655849458" lon="10.725191085200068">
        <ele>129.588</ele>
        <time>2026-07-26T09:19:53Z</time>
      </trkpt>
      <trkpt lat="59.926220085695299" lon="10.725241759192118">
        <ele>129.602</ele>
        <time>2026-07-26T09:19:54Z</time>
      </trkpt>
      <trkpt lat="59.926266418970727" lon="10.725293993450961">
        <ele>129.624</ele>
        <time>2026-07-26T09:19:55Z</time>
      </trkpt>
      <trkpt lat="59.926312448966421" lon="10.725347129994214">
        <ele>129.674</ele>
        <time>2026-07-26T09:19:56Z</time>
      </trkpt>
      <trkpt lat="59.926358001420489" lon="10.725403523823889">
        <ele>129.836</ele>
        <time>2026-07-26T09:19:57Z</time>
      </trkpt>
      <trkpt lat="59.926403702026043" lon="10.725460149043707">
        <ele>129.979</ele>
        <time>2026-07-26T09:19:58Z</time>
      </trkpt>
      <trkpt lat="59.926449197435488" lon="10.725518116381089">
        <ele>130.101</ele>
        <time>2026-07-26T09:19:59Z</time>
      </trkpt>
      <trkpt lat="59.926494174998837" lon="10.725577886737188">
        <ele>130.21</ele>
        <time>2026-07-26T09:20:00Z</time>
      </trkpt>
      <trkpt lat="59.926538290900538" lon="10.725638518618357">
        <ele>130.23</ele>
        <time>2026-07-26T09:20:01Z</time>
      </trkpt>
      <trkpt lat="59.926581817436038" lon="10.725699562387016">
        <ele>130.311</ele>
        <time>2026-07-26T09:20:02Z</time>
      </trkpt>
      <trkpt lat="59.926625429988448" lon="10.725760426166916">
        <ele>130.429</ele>
        <time>2026-07-26T09:20:03Z</time>
      </trkpt>
      <trkpt lat="59.926670227260331" lon="10.725820265617372">
        <ele>130.546</ele>
        <time>2026-07-26T09:20:04Z</time>
      </trkpt>
      <trkpt lat="59.926714773903484" lon="10.725880111967783">
        <ele>130.626</ele>
        <time>2026-07-26T09:20:05Z</time>
      </trkpt>
      <trkpt lat="59.926758719579148" lon="10.72593888394973">
        <ele>130.729</ele>
        <time>2026-07-26T09:20:06Z</time>
      </trkpt>
      <trkpt lat="59.926801059107902" lon="10.725997280968352">
        <ele>130.782</ele>
        <time>2026-07-26T09:20:07Z</time>
      </trkpt>
      <trkpt lat="59.926845176989957" lon="10.726056312846014">
        <ele>130.795</ele>
        <time>2026-07-26T09:20:08Z</time>
      </trkpt>
      <trkpt lat="59.926889626404083" lon="10.726115387894511">
        <ele>130.877</ele>
        <time>2026-07-26T09:20:09Z</time>
      </trkpt>
      <trkpt lat="59.92693415083091" lon="10.726175510746055">
        <ele>130.886</ele>
        <time>2026-07-26T09:20:10Z</time>
      </trkpt>
      <trkpt lat="59.926977032023636" lon="10.726235222522954">
        <ele>130.879</ele>
        <time>2026-07-26T09:20:11Z</time>
      </trkpt>
      <trkpt lat="59.927019112165276" lon="10.726293998126547">
        <ele>130.833</ele>
        <time>2026-07-26T09:20:12Z</time>
      </trkpt>
      <trkpt lat="59.927060569953667" lon="10.726351497437856">
        <ele>130.771</ele>
        <time>2026-07-26T09:20:13Z</time>
      </trkpt>
      <trkpt lat="59.927101209791054" lon="10.726409100990734">
        <ele>130.712</ele>
        <time>2026-07-26T09:20:14Z</time>
      </trkpt>
      <trkpt lat="59.927141574299746" lon="10.726467364482229">
        <ele>130.641</ele>
        <time>2026-07-26T09:20:15Z</time>
      </trkpt>
      <trkpt lat="59.927181104953526" lon="10.726530289817108">
        <ele>130.537</ele>
        <time>2026-07-26T09:20:16Z</time>
      </trkpt>
      <trkpt lat="59.927220697212626" lon="10.726595336035803">
        <ele>130.411</ele>
        <time>2026-07-26T09:20:17Z</time>
      </trkpt>
      <trkpt lat="59.927260022554158" lon="10.72666341061311">
        <ele>130.308</ele>
        <time>2026-07-26T09:20:18Z</time>
      </trkpt>
      <trkpt lat="59.927298773447632" lon="10.72673459819362">
        <ele>130.253</ele>
        <time>2026-07-26T09:20:19Z</time>
      </trkpt>
      <trkpt lat="59.927336523683003" lon="10.726810098372136">
        <ele>130.083</ele>
        <time>2026-07-26T09:20:20Z</time>
      </trkpt>
      <trkpt lat="59.927371319750065" lon="10.72688497443885">
        <ele>129.789</ele>
        <time>2026-07-26T09:20:21Z</time>
      </trkpt>
      <trkpt lat="59.927404378590651" lon="10.726959557736945">
        <ele>129.495</ele>
        <time>2026-07-26T09:20:22Z</time>
      </trkpt>
      <trkpt lat="59.92743670016268" lon="10.727035519507714">
        <ele>129.194</ele>
        <time>2026-07-26T09:20:23Z</time>
      </trkpt>
      <trkpt lat="59.927468631338606" lon="10.727111628288528">
        <ele>128.942</ele>
        <time>2026-07-26T09:20:24Z</time>
      </trkpt>
      <trkpt lat="59.92750104058382" lon="10.72718736903966">
        <ele>128.74</ele>
        <time>2026-07-26T09:20:25Z</time>
      </trkpt>
      <trkpt lat="59.92753336063388" lon="10.727261707911797">
        <ele>128.541</ele>
        <time>2026-07-26T09:20:26Z</time>
      </trkpt>
      <trkpt lat="59.92756591575359" lon="10.727334904346849">
        <ele>128.371</ele>
        <time>2026-07-26T09:20:27Z</time>
      </trkpt>
      <trkpt lat="59.927598140392718" lon="10.727407473584206">
        <ele>128.239</ele>
        <time>2026-07-26T09:20:28Z</time>
      </trkpt>
      <trkpt lat="59.927630389821971" lon="10.727478273653158">
        <ele>128.137</ele>
        <time>2026-07-26T09:20:29Z</time>
      </trkpt>
      <trkpt lat="59.927661707417577" lon="10.727547717638055">
        <ele>128.031</ele>
        <time>2026-07-26T09:20:30Z</time>
      </trkpt>
      <trkpt lat="59.927692245807648" lon="10.727613173726613">
        <ele>127.942</ele>
        <time>2026-07-26T09:20:31Z</time>
      </trkpt>
      <trkpt lat="59.927722079226612" lon="10.727677703608601">
        <ele>127.917</ele>
        <time>2026-07-26T09:20:32Z</time>
      </trkpt>
      <trkpt lat="59.927750280645633" lon="10.727741161000459">
        <ele>127.917</ele>
        <time>2026-07-26T09:20:33Z</time>
      </trkpt>
      <trkpt lat="59.927791645838177" lon="10.727830491431364">
        <ele>127.977</ele>
        <time>2026-07-26T09:20:36Z</time>
      </trkpt>
      <trkpt lat="59.927828661867949" lon="10.727910108748677">
        <ele>128.106</ele>
        <time>2026-07-26T09:20:37Z</time>
      </trkpt>
      <trkpt lat="59.927861114180196" lon="10.727980011625128">
        <ele>128.253</ele>
        <time>2026-07-26T09:20:38Z</time>
      </trkpt>
      <trkpt lat="59.927889202857337" lon="10.728039636563706">
        <ele>128.399</ele>
        <time>2026-07-26T09:20:39Z</time>
      </trkpt>
      <trkpt lat="59.927912504050191" lon="10.72808962931397">
        <ele>128.532</ele>
        <time>2026-07-26T09:20:40Z</time>
      </trkpt>
      <trkpt lat="59.927931885587604" lon="10.728129505950434">
        <ele>128.679</ele>
        <time>2026-07-26T09:20:41Z</time>
      </trkpt>
      <trkpt lat="59.927948379487169" lon="10.728159081626711">
        <ele>128.973</ele>
        <time>2026-07-26T09:20:42Z</time>
      </trkpt>
      <trkpt lat="59.927961026078933" lon="10.728178875778141">
        <ele>129.206</ele>
        <time>2026-07-26T09:20:43Z</time>
      </trkpt>
      <trkpt lat="59.927971114000464" lon="10.728190449846986">
        <ele>129.438</ele>
        <time>2026-07-26T09:20:45Z</time>
      </trkpt>
      <trkpt lat="59.927980539094122" lon="10.728198955289452">
        <ele>129.786</ele>
        <time>2026-07-26T09:20:49Z</time>
      </trkpt>
      <trkpt lat="59.927987953855421" lon="10.728206443820381">
        <ele>129.963</ele>
        <time>2026-07-26T09:20:50Z</time>
      </trkpt>
      <trkpt lat="59.927995974918929" lon="10.728224242348151">
        <ele>130.091</ele>
        <time>2026-07-26T09:20:51Z</time>
      </trkpt>
      <trkpt lat="59.928003810155332" lon="10.72825083182782">
        <ele>130.13</ele>
        <time>2026-07-26T09:20:52Z</time>
      </trkpt>
      <trkpt lat="59.928011448409237" lon="10.728274231689161">
        <ele>130.131</ele>
        <time>2026-07-26T09:20:53Z</time>
      </trkpt>
      <trkpt lat="59.928025642063872" lon="10.728288523726349">
        <ele>130.18</ele>
        <time>2026-07-26T09:20:54Z</time>
      </trkpt>
      <trkpt lat="59.928045747685239" lon="10.728290327878305">
        <ele>130.248</ele>
        <time>2026-07-26T09:20:55Z</time>
      </trkpt>
      <trkpt lat="59.92807051408419" lon="10.728276602234494">
        <ele>130.248</ele>
        <time>2026-07-26T09:20:56Z</time>
      </trkpt>
      <trkpt lat="59.928097413095259" lon="10.728245777403831">
        <ele>130.183</ele>
        <time>2026-07-26T09:20:57Z</time>
      </trkpt>
      <trkpt lat="59.928126830415955" lon="10.728203804829317">
        <ele>130.063</ele>
        <time>2026-07-26T09:20:58Z</time>
      </trkpt>
      <trkpt lat="59.928158625651839" lon="10.728150297093181">
        <ele>129.859</ele>
        <time>2026-07-26T09:20:59Z</time>
      </trkpt>
      <trkpt lat="59.92819318164009" lon="10.728089367364538">
        <ele>129.624</ele>
        <time>2026-07-26T09:21:00Z</time>
      </trkpt>
      <trkpt lat="59.92822961476751" lon="10.728020169046953">
        <ele>129.361</ele>
        <time>2026-07-26T09:21:01Z</time>
      </trkpt>
      <trkpt lat="59.928267893028774" lon="10.72794421121718">
        <ele>129.06</ele>
        <time>2026-07-26T09:21:02Z</time>
      </trkpt>
      <trkpt lat="59.928307681778485" lon="10.727864427013394">
        <ele>128.734</ele>
        <time>2026-07-26T09:21:03Z</time>
      </trkpt>
      <trkpt lat="59.928347892727871" lon="10.727781440479683">
        <ele>128.389</ele>
        <time>2026-07-26T09:21:04Z</time>
      </trkpt>
      <trkpt lat="59.928387445510367" lon="10.72769806134899">
        <ele>128.073</ele>
        <time>2026-07-26T09:21:05Z</time>
      </trkpt>
      <trkpt lat="59.928426175258693" lon="10.727616235232972">
        <ele>127.768</ele>
        <time>2026-07-26T09:21:06Z</time>
      </trkpt>
      <trkpt lat="59.92846362413546" lon="10.727537126761582">
        <ele>127.515</ele>
        <time>2026-07-26T09:21:07Z</time>
      </trkpt>
      <trkpt lat="59.928501010348356" lon="10.727462239841008">
        <ele>127.296</ele>
        <time>2026-07-26T09:21:08Z</time>
      </trkpt>
      <trkpt lat="59.928538179403603" lon="10.727392139616994">
        <ele>127.117</ele>
        <time>2026-07-26T09:21:09Z</time>
      </trkpt>
      <trkpt lat="59.928576710762272" lon="10.727324848686802">
        <ele>126.953</ele>
        <time>2026-07-26T09:21:10Z</time>
      </trkpt>
      <trkpt lat="59.928618397394366" lon="10.727258425181933">
        <ele>126.78</ele>
        <time>2026-07-26T09:21:11Z</time>
      </trkpt>
      <trkpt lat="59.928662254704136" lon="10.727194516454523">
        <ele>126.604</ele>
        <time>2026-07-26T09:21:12Z</time>
      </trkpt>
      <trkpt lat="59.928706792833658" lon="10.727132927205359">
        <ele>126.387</ele>
        <time>2026-07-26T09:21:13Z</time>
      </trkpt>
      <trkpt lat="59.928751832656779" lon="10.72707162894006">
        <ele>126.173</ele>
        <time>2026-07-26T09:21:14Z</time>
      </trkpt>
      <trkpt lat="59.928797039492139" lon="10.727010974316412">
        <ele>126.017</ele>
        <time>2026-07-26T09:21:15Z</time>
      </trkpt>
      <trkpt lat="59.928841230862673" lon="10.726952326956271">
        <ele>125.896</ele>
        <time>2026-07-26T09:21:16Z</time>
      </trkpt>
      <trkpt lat="59.928884922061506" lon="10.726895296883452">
        <ele>125.762</ele>
        <time>2026-07-26T09:21:17Z</time>
      </trkpt>
      <trkpt lat="59.9289271261799" lon="10.72683886355661">
        <ele>125.693</ele>
        <time>2026-07-26T09:21:18Z</time>
      </trkpt>
      <trkpt lat="59.928968310785656" lon="10.726783389728066">
        <ele>125.646</ele>
        <time>2026-07-26T09:21:19Z</time>
      </trkpt>
      <trkpt lat="59.929010022161243" lon="10.726727094806924">
        <ele>125.803</ele>
        <time>2026-07-26T09:21:20Z</time>
      </trkpt>
      <trkpt lat="59.929052298169132" lon="10.726671236346093">
        <ele>125.935</ele>
        <time>2026-07-26T09:21:21Z</time>
      </trkpt>
      <trkpt lat="59.929094565094374" lon="10.726615206523368">
        <ele>126.067</ele>
        <time>2026-07-26T09:21:22Z</time>
      </trkpt>
      <trkpt lat="59.929137044015583" lon="10.7265596760581">
        <ele>126.221</ele>
        <time>2026-07-26T09:21:23Z</time>
      </trkpt>
      <trkpt lat="59.929179151178573" lon="10.726504238251497">
        <ele>126.323</ele>
        <time>2026-07-26T09:21:24Z</time>
      </trkpt>
      <trkpt lat="59.929221076767817" lon="10.726449446948239">
        <ele>126.422</ele>
        <time>2026-07-26T09:21:25Z</time>
      </trkpt>
      <trkpt lat="59.929263756138006" lon="10.726393954255403">
        <ele>126.45</ele>
        <time>2026-07-26T09:21:26Z</time>
      </trkpt>
      <trkpt lat="59.929307695821038" lon="10.726337128377335">
        <ele>126.363</ele>
        <time>2026-07-26T09:21:27Z</time>
      </trkpt>
      <trkpt lat="59.929351923118411" lon="10.726279674292085">
        <ele>126.235</ele>
        <time>2026-07-26T09:21:28Z</time>
      </trkpt>
      <trkpt lat="59.929396702563828" lon="10.726222580162871">
        <ele>126.137</ele>
        <time>2026-07-26T09:21:29Z</time>
      </trkpt>
      <trkpt lat="59.929441562971775" lon="10.726165521944207">
        <ele>126.057</ele>
        <time>2026-07-26T09:21:30Z</time>
      </trkpt>
      <trkpt lat="59.929486324024843" lon="10.72610910426307">
        <ele>125.981</ele>
        <time>2026-07-26T09:21:31Z</time>
      </trkpt>
      <trkpt lat="59.929531001038725" lon="10.726051862443885">
        <ele>125.923</ele>
        <time>2026-07-26T09:21:32Z</time>
      </trkpt>
      <trkpt lat="59.929576351822718" lon="10.725992875944611">
        <ele>125.876</ele>
        <time>2026-07-26T09:21:33Z</time>
      </trkpt>
      <trkpt lat="59.929621383036654" lon="10.725931086057981">
        <ele>125.848</ele>
        <time>2026-07-26T09:21:34Z</time>
      </trkpt>
      <trkpt lat="59.929665935702054" lon="10.725866178977196">
        <ele>125.843</ele>
        <time>2026-07-26T09:21:35Z</time>
      </trkpt>
      <trkpt lat="59.929709718518609" lon="10.72580041517889">
        <ele>125.865</ele>
        <time>2026-07-26T09:21:36Z</time>
      </trkpt>
      <trkpt lat="59.929751763938832" lon="10.725736937088326">
        <ele>125.902</ele>
        <time>2026-07-26T09:21:37Z</time>
      </trkpt>
      <trkpt lat="59.929791227520305" lon="10.725675622663291">
        <ele>125.849</ele>
        <time>2026-07-26T09:21:38Z</time>
      </trkpt>
      <trkpt lat="59.929828483308079" lon="10.725615872908358">
        <ele>125.801</ele>
        <time>2026-07-26T09:21:39Z</time>
      </trkpt>
      <trkpt lat="59.929861971610023" lon="10.725556118505862">
        <ele>125.732</ele>
        <time>2026-07-26T09:21:40Z</time>
      </trkpt>
      <trkpt lat="59.929888672817441" lon="10.725493847478807">
        <ele>125.642</ele>
        <time>2026-07-26T09:21:41Z</time>
      </trkpt>
      <trkpt lat="59.929904471653415" lon="10.725430192638093">
        <ele>125.528</ele>
        <time>2026-07-26T09:21:42Z</time>
      </trkpt>
      <trkpt lat="59.929911490527765" lon="10.725367812578215">
        <ele>125.41</ele>
        <time>2026-07-26T09:21:43Z</time>
      </trkpt>
      <trkpt lat="59.929907963933317" lon="10.725312330562529">
        <ele>125.132</ele>
        <time>2026-07-26T09:21:44Z</time>
      </trkpt>
      <trkpt lat="59.929892433198823" lon="10.725263242536707">
        <ele>124.589</ele>
        <time>2026-07-26T09:21:45Z</time>
      </trkpt>
      <trkpt lat="59.929869895475612" lon="10.725216746681516">
        <ele>124.13</ele>
        <time>2026-07-26T09:21:46Z</time>
      </trkpt>
      <trkpt lat="59.929842125065207" lon="10.72517282723808">
        <ele>123.861</ele>
        <time>2026-07-26T09:21:47Z</time>
      </trkpt>
      <trkpt lat="59.929810579549908" lon="10.725131351930751">
        <ele>123.638</ele>
        <time>2026-07-26T09:21:48Z</time>
      </trkpt>
      <trkpt lat="59.929777080115315" lon="10.725089851669283">
        <ele>123.544</ele>
        <time>2026-07-26T09:21:49Z</time>
      </trkpt>
      <trkpt lat="59.929743072459615" lon="10.725049861305461">
        <ele>123.505</ele>
        <time>2026-07-26T09:21:50Z</time>
      </trkpt>
      <trkpt lat="59.929709027087796" lon="10.725007495802817">
        <ele>123.513</ele>
        <time>2026-07-26T09:21:51Z</time>
      </trkpt>
      <trkpt lat="59.929675083093493" lon="10.724963344884834">
        <ele>123.582</ele>
        <time>2026-07-26T09:21:52Z</time>
      </trkpt>
      <trkpt lat="59.929641256287162" lon="10.72491889325187">
        <ele>123.752</ele>
        <time>2026-07-26T09:21:53Z</time>
      </trkpt>
      <trkpt lat="59.929608284801674" lon="10.724872331856844">
        <ele>124.008</ele>
        <time>2026-07-26T09:21:54Z</time>
      </trkpt>
      <trkpt lat="59.929576647932365" lon="10.724825905903959">
        <ele>124.356</ele>
        <time>2026-07-26T09:21:55Z</time>
      </trkpt>
      <trkpt lat="59.929546874600653" lon="10.724777938119558">
        <ele>124.638</ele>
        <time>2026-07-26T09:21:56Z</time>
      </trkpt>
      <trkpt lat="59.929519444964505" lon="10.724727438788802">
        <ele>124.952</ele>
        <time>2026-07-26T09:21:57Z</time>
      </trkpt>
      <trkpt lat="59.929494525685534" lon="10.724676561698232">
        <ele>125.221</ele>
        <time>2026-07-26T09:21:58Z</time>
      </trkpt>
      <trkpt lat="59.929472889966391" lon="10.724628381664436">
        <ele>125.524</ele>
        <time>2026-07-26T09:21:59Z</time>
      </trkpt>
      <trkpt lat="59.929453695048259" lon="10.724585205664821">
        <ele>125.722</ele>
        <time>2026-07-26T09:22:00Z</time>
      </trkpt>
      <trkpt lat="59.929436465220405" lon="10.724547592353034">
        <ele>125.847</ele>
        <time>2026-07-26T09:22:01Z</time>
      </trkpt>
      <trkpt lat="59.929420028871739" lon="10.724516088525682">
        <ele>125.94</ele>
        <time>2026-07-26T09:22:02Z</time>
      </trkpt>
      <trkpt lat="59.929402339451727" lon="10.724494323804096">
        <ele>125.934</ele>
        <time>2026-07-26T09:22:03Z</time>
      </trkpt>
      <trkpt lat="59.929381913587392" lon="10.724488085052975">
        <ele>125.918</ele>
        <time>2026-07-26T09:22:04Z</time>
      </trkpt>
      <trkpt lat="59.929359334410933" lon="10.724499034091552">
        <ele>125.861</ele>
        <time>2026-07-26T09:22:05Z</time>
      </trkpt>
      <trkpt lat="59.929336116302323" lon="10.724525230164707">
        <ele>125.79</ele>
        <time>2026-07-26T09:22:06Z</time>
      </trkpt>
      <trkpt lat="59.92931407069387" lon="10.724562741515529">
        <ele>125.844</ele>
        <time>2026-07-26T09:22:07Z</time>
      </trkpt>
      <trkpt lat="59.929293428619118" lon="10.724606617308277">
        <ele>125.907</ele>
        <time>2026-07-26T09:22:08Z</time>
      </trkpt>
      <trkpt lat="59.929273628517088" lon="10.72465528038699">
        <ele>125.955</ele>
        <time>2026-07-26T09:22:09Z</time>
      </trkpt>
      <trkpt lat="59.929251561816507" lon="10.724709154482984">
        <ele>126.033</ele>
        <time>2026-07-26T09:22:10Z</time>
      </trkpt>
      <trkpt lat="59.929226634062921" lon="10.724768117041865">
        <ele>126.087</ele>
        <time>2026-07-26T09:22:11Z</time>
      </trkpt>
      <trkpt lat="59.929199766908845" lon="10.724831694201873">
        <ele>126.12</ele>
        <time>2026-07-26T09:22:12Z</time>
      </trkpt>
      <trkpt lat="59.929170682078343" lon="10.724896862681721">
        <ele>126.25</ele>
        <time>2026-07-26T09:22:13Z</time>
      </trkpt>
      <trkpt lat="59.929139766323082" lon="10.724960517054123">
        <ele>126.365</ele>
        <time>2026-07-26T09:22:14Z</time>
      </trkpt>
      <trkpt lat="59.929106904067936" lon="10.725024542539865">
        <ele>126.449</ele>
        <time>2026-07-26T09:22:15Z</time>
      </trkpt>
      <trkpt lat="59.929072188385518" lon="10.72508806701852">
        <ele>126.499</ele>
        <time>2026-07-26T09:22:16Z</time>
      </trkpt>
      <trkpt lat="59.929035773189106" lon="10.725149711876689">
        <ele>126.48</ele>
        <time>2026-07-26T09:22:17Z</time>
      </trkpt>
      <trkpt lat="59.928998552225053" lon="10.725209131820238">
        <ele>126.441</ele>
        <time>2026-07-26T09:22:18Z</time>
      </trkpt>
      <trkpt lat="59.928961643956931" lon="10.725266372251269">
        <ele>126.362</ele>
        <time>2026-07-26T09:22:19Z</time>
      </trkpt>
      <trkpt lat="59.92892564562213" lon="10.72532224240598">
        <ele>126.261</ele>
        <time>2026-07-26T09:22:20Z</time>
      </trkpt>
      <trkpt lat="59.928890551954943" lon="10.725375737185443">
        <ele>126.172</ele>
        <time>2026-07-26T09:22:21Z</time>
      </trkpt>
      <trkpt lat="59.928856347628638" lon="10.725425779183453">
        <ele>126.053</ele>
        <time>2026-07-26T09:22:22Z</time>
      </trkpt>
      <trkpt lat="59.928822500065571" lon="10.725472427330025">
        <ele>125.949</ele>
        <time>2026-07-26T09:22:23Z</time>
      </trkpt>
      <trkpt lat="59.928790397610889" lon="10.725515951808847">
        <ele>125.603</ele>
        <time>2026-07-26T09:22:24Z</time>
      </trkpt>
      <trkpt lat="59.928758698840312" lon="10.725557364798307">
        <ele>125.321</ele>
        <time>2026-07-26T09:22:25Z</time>
      </trkpt>
      <trkpt lat="59.928727761586131" lon="10.725597749727008">
        <ele>125.094</ele>
        <time>2026-07-26T09:22:26Z</time>
      </trkpt>
      <trkpt lat="59.928698217816603" lon="10.72563489796867">
        <ele>124.898</ele>
        <time>2026-07-26T09:22:27Z</time>
      </trkpt>
      <trkpt lat="59.928669885420653" lon="10.725668518628863">
        <ele>124.768</ele>
        <time>2026-07-26T09:22:28Z</time>
      </trkpt>
      <trkpt lat="59.928642669788744" lon="10.725699870801021">
        <ele>124.665</ele>
        <time>2026-07-26T09:22:29Z</time>
      </trkpt>
      <trkpt lat="59.928616665883339" lon="10.725728883352915">
        <ele>124.66</ele>
        <time>2026-07-26T09:22:30Z</time>
      </trkpt>
      <trkpt lat="59.928591060140612" lon="10.725757254186547">
        <ele>124.684</ele>
        <time>2026-07-26T09:22:31Z</time>
      </trkpt>
      <trkpt lat="59.928568672410847" lon="10.725782925079884">
        <ele>124.832</ele>
        <time>2026-07-26T09:22:32Z</time>
      </trkpt>
      <trkpt lat="59.928558104346138" lon="10.725811137760655">
        <ele>125.445</ele>
        <time>2026-07-26T09:22:36Z</time>
      </trkpt>
      <trkpt lat="59.928555302851585" lon="10.725829874046912">
        <ele>125.99</ele>
        <time>2026-07-26T09:22:37Z</time>
      </trkpt>
      <trkpt lat="59.928561511499282" lon="10.725834134200891">
        <ele>126.364</ele>
        <time>2026-07-26T09:22:39Z</time>
      </trkpt>
      <trkpt lat="59.928580844694707" lon="10.725816197611232">
        <ele>126.705</ele>
        <time>2026-07-26T09:22:40Z</time>
      </trkpt>
      <trkpt lat="59.928611230103101" lon="10.725779786269785">
        <ele>126.973</ele>
        <time>2026-07-26T09:22:41Z</time>
      </trkpt>
      <trkpt lat="59.928652343038436" lon="10.725725724255993">
        <ele>127.156</ele>
        <time>2026-07-26T09:22:42Z</time>
      </trkpt>
      <trkpt lat="59.928701041084572" lon="10.725658619275119">
        <ele>127.278</ele>
        <time>2026-07-26T09:22:43Z</time>
      </trkpt>
      <trkpt lat="59.928754406796571" lon="10.725583275581579">
        <ele>127.328</ele>
        <time>2026-07-26T09:22:44Z</time>
      </trkpt>
      <trkpt lat="59.928811600543199" lon="10.725502668030906">
        <ele>127.309</ele>
        <time>2026-07-26T09:22:45Z</time>
      </trkpt>
      <trkpt lat="59.928869333286592" lon="10.725417662943411">
        <ele>127.261</ele>
        <time>2026-07-26T09:22:46Z</time>
      </trkpt>
      <trkpt lat="59.928926641189278" lon="10.725327376842825">
        <ele>127.154</ele>
        <time>2026-07-26T09:22:47Z</time>
      </trkpt>
      <trkpt lat="59.928983258774615" lon="10.725236146722418">
        <ele>127.014</ele>
        <time>2026-07-26T09:22:48Z</time>
      </trkpt>
      <trkpt lat="59.929039270544614" lon="10.72514535358577">
        <ele>126.84</ele>
        <time>2026-07-26T09:22:49Z</time>
      </trkpt>
      <trkpt lat="59.929093704246036" lon="10.725057624994621">
        <ele>126.632</ele>
        <time>2026-07-26T09:22:50Z</time>
      </trkpt>
      <trkpt lat="59.929145989241235" lon="10.724971255710642">
        <ele>126.442</ele>
        <time>2026-07-26T09:22:51Z</time>
      </trkpt>
      <trkpt lat="59.929196524161739" lon="10.724887064416061">
        <ele>126.25</ele>
        <time>2026-07-26T09:22:52Z</time>
      </trkpt>
      <trkpt lat="59.929245057265277" lon="10.724806968335901">
        <ele>126.08</ele>
        <time>2026-07-26T09:22:53Z</time>
      </trkpt>
      <trkpt lat="59.929291940573471" lon="10.724732646822472">
        <ele>125.891</ele>
        <time>2026-07-26T09:22:54Z</time>
      </trkpt>
      <trkpt lat="59.929336320555514" lon="10.724663164882589">
        <ele>125.723</ele>
        <time>2026-07-26T09:22:55Z</time>
      </trkpt>
      <trkpt lat="59.929378119123733" lon="10.724598795827822">
        <ele>125.57</ele>
        <time>2026-07-26T09:22:56Z</time>
      </trkpt>
      <trkpt lat="59.92941711113825" lon="10.72453990370842">
        <ele>125.49</ele>
        <time>2026-07-26T09:22:57Z</time>
      </trkpt>
      <trkpt lat="59.929455022574999" lon="10.724483548749514">
        <ele>125.391</ele>
        <time>2026-07-26T09:22:58Z</time>
      </trkpt>
      <trkpt lat="59.929493422806978" lon="10.724428012139914">
        <ele>125.282</ele>
        <time>2026-07-26T09:22:59Z</time>
      </trkpt>
      <trkpt lat="59.92953296743201" lon="10.724372886068654">
        <ele>125.169</ele>
        <time>2026-07-26T09:23:00Z</time>
      </trkpt>
      <trkpt lat="59.929572685135007" lon="10.724318405467127">
        <ele>125.069</ele>
        <time>2026-07-26T09:23:01Z</time>
      </trkpt>
      <trkpt lat="59.92961272991748" lon="10.724264110006112">
        <ele>124.97</ele>
        <time>2026-07-26T09:23:02Z</time>
      </trkpt>
      <trkpt lat="59.929653203543296" lon="10.72420978323515">
        <ele>124.897</ele>
        <time>2026-07-26T09:23:03Z</time>
      </trkpt>
      <trkpt lat="59.929693907681461" lon="10.724155141343816">
        <ele>124.838</ele>
        <time>2026-07-26T09:23:04Z</time>
      </trkpt>
      <trkpt lat="59.929734758102704" lon="10.724099963263066">
        <ele>124.772</ele>
        <time>2026-07-26T09:23:05Z</time>
      </trkpt>
      <trkpt lat="59.929774543167518" lon="10.724045182490887">
        <ele>124.698</ele>
        <time>2026-07-26T09:23:06Z</time>
      </trkpt>
      <trkpt lat="59.929813504621563" lon="10.723992080456702">
        <ele>124.631</ele>
        <time>2026-07-26T09:23:07Z</time>
      </trkpt>
      <trkpt lat="59.929851136022258" lon="10.723941192687203">
        <ele>124.578</ele>
        <time>2026-07-26T09:23:08Z</time>
      </trkpt>
      <trkpt lat="59.929887452581532" lon="10.723892796838895">
        <ele>124.498</ele>
        <time>2026-07-26T09:23:09Z</time>
      </trkpt>
      <trkpt lat="59.929922485143869" lon="10.723848720646222">
        <ele>124.454</ele>
        <time>2026-07-26T09:23:10Z</time>
      </trkpt>
      <trkpt lat="59.929956825923163" lon="10.723813753814268">
        <ele>124.358</ele>
        <time>2026-07-26T09:23:11Z</time>
      </trkpt>
      <trkpt lat="59.929990628115696" lon="10.723790473811881">
        <ele>124.265</ele>
        <time>2026-07-26T09:23:12Z</time>
      </trkpt>
      <trkpt lat="59.930025111614448" lon="10.723784107572255">
        <ele>124.223</ele>
        <time>2026-07-26T09:23:13Z</time>
      </trkpt>
      <trkpt lat="59.930059134800636" lon="10.72379664421346">
        <ele>124.185</ele>
        <time>2026-07-26T09:23:14Z</time>
      </trkpt>
      <trkpt lat="59.930091879541045" lon="10.723828951305016">
        <ele>124.219</ele>
        <time>2026-07-26T09:23:15Z</time>
      </trkpt>
      <trkpt lat="59.930124456755109" lon="10.723878269538684">
        <ele>124.307</ele>
        <time>2026-07-26T09:23:16Z</time>
      </trkpt>
      <trkpt lat="59.930156040351413" lon="10.723941557261757">
        <ele>124.391</ele>
        <time>2026-07-26T09:23:17Z</time>
      </trkpt>
      <trkpt lat="59.93018688258767" lon="10.724015055641871">
        <ele>124.518</ele>
        <time>2026-07-26T09:23:18Z</time>
      </trkpt>
      <trkpt lat="59.930216810420987" lon="10.724095641112724">
        <ele>124.651</ele>
        <time>2026-07-26T09:23:19Z</time>
      </trkpt>
      <trkpt lat="59.930245633745884" lon="10.724180422150294">
        <ele>124.821</ele>
        <time>2026-07-26T09:23:20Z</time>
      </trkpt>
      <trkpt lat="59.930273027962549" lon="10.724266284958473">
        <ele>124.966</ele>
        <time>2026-07-26T09:23:21Z</time>
      </trkpt>
      <trkpt lat="59.930299302086361" lon="10.724351432934188">
        <ele>125.115</ele>
        <time>2026-07-26T09:23:22Z</time>
      </trkpt>
      <trkpt lat="59.930323408106702" lon="10.724435648542411">
        <ele>125.301</ele>
        <time>2026-07-26T09:23:23Z</time>
      </trkpt>
      <trkpt lat="59.930345664030099" lon="10.724517232615446">
        <ele>125.485</ele>
        <time>2026-07-26T09:23:24Z</time>
      </trkpt>
      <trkpt lat="59.930366134955008" lon="10.724593350454819">
        <ele>125.686</ele>
        <time>2026-07-26T09:23:25Z</time>
      </trkpt>
      <trkpt lat="59.930384130969891" lon="10.72466213322495">
        <ele>125.873</ele>
        <time>2026-07-26T09:23:26Z</time>
      </trkpt>
      <trkpt lat="59.930398038810921" lon="10.724722872834386">
        <ele>125.997</ele>
        <time>2026-07-26T09:23:27Z</time>
      </trkpt>
      <trkpt lat="59.930408626673632" lon="10.724773523221421">
        <ele>126.127</ele>
        <time>2026-07-26T09:23:28Z</time>
      </trkpt>
      <trkpt lat="59.930413994737343" lon="10.724814633876996">
        <ele>126.222</ele>
        <time>2026-07-26T09:23:29Z</time>
      </trkpt>
      <trkpt lat="59.930416473097381" lon="10.724850239807324">
        <ele>126.181</ele>
        <time>2026-07-26T09:23:30Z</time>
      </trkpt>
      <trkpt lat="59.93041707408198" lon="10.724880860461008">
        <ele>126.16</ele>
        <time>2026-07-26T09:23:31Z</time>
      </trkpt>
      <trkpt lat="59.930419897016471" lon="10.724908933631859">
        <ele>126.188</ele>
        <time>2026-07-26T09:23:32Z</time>
      </trkpt>
      <trkpt lat="59.930426286060154" lon="10.724933893997827">
        <ele>126.097</ele>
        <time>2026-07-26T09:23:33Z</time>
      </trkpt>
      <trkpt lat="59.930436281979084" lon="10.724956173160752">
        <ele>126.045</ele>
        <time>2026-07-26T09:23:34Z</time>
      </trkpt>
      <trkpt lat="59.930452427739233" lon="10.724965304729757">
        <ele>126.097</ele>
        <time>2026-07-26T09:23:35Z</time>
      </trkpt>
      <trkpt lat="59.930474764396159" lon="10.724956333413994">
        <ele>126.192</ele>
        <time>2026-07-26T09:23:36Z</time>
      </trkpt>
      <trkpt lat="59.930502965057947" lon="10.724928876726841">
        <ele>126.283</ele>
        <time>2026-07-26T09:23:37Z</time>
      </trkpt>
      <trkpt lat="59.930536645286722" lon="10.724884713426819">
        <ele>126.299</ele>
        <time>2026-07-26T09:23:38Z</time>
      </trkpt>
      <trkpt lat="59.930575962853602" lon="10.724827668979721">
        <ele>126.278</ele>
        <time>2026-07-26T09:23:39Z</time>
      </trkpt>
      <trkpt lat="59.930619693941011" lon="10.724760638201131">
        <ele>126.206</ele>
        <time>2026-07-26T09:23:40Z</time>
      </trkpt>
      <trkpt lat="59.930665857415008" lon="10.724686016390608">
        <ele>126.112</ele>
        <time>2026-07-26T09:23:41Z</time>
      </trkpt>
      <trkpt lat="59.930714041418227" lon="10.72460697454469">
        <ele>125.981</ele>
        <time>2026-07-26T09:23:42Z</time>
      </trkpt>
      <trkpt lat="59.930762870393316" lon="10.724525387048118">
        <ele>125.883</ele>
        <time>2026-07-26T09:23:43Z</time>
      </trkpt>
      <trkpt lat="59.930811455365912" lon="10.724443123169392">
        <ele>125.768</ele>
        <time>2026-07-26T09:23:44Z</time>
      </trkpt>
      <trkpt lat="59.930858776183115" lon="10.724361121762916">
        <ele>125.666</ele>
        <time>2026-07-26T09:23:45Z</time>
      </trkpt>
      <trkpt lat="59.930904823789199" lon="10.724279759495632">
        <ele>125.636</ele>
        <time>2026-07-26T09:23:46Z</time>
      </trkpt>
      <trkpt lat="59.930950066840147" lon="10.724200500987175">
        <ele>125.568</ele>
        <time>2026-07-26T09:23:47Z</time>
      </trkpt>
      <trkpt lat="59.930994519035103" lon="10.724123850329752">
        <ele>125.52</ele>
        <time>2026-07-26T09:23:48Z</time>
      </trkpt>
      <trkpt lat="59.931038204718419" lon="10.72404927466339">
        <ele>125.483</ele>
        <time>2026-07-26T09:23:49Z</time>
      </trkpt>
      <trkpt lat="59.931081510967239" lon="10.72397653852209">
        <ele>125.444</ele>
        <time>2026-07-26T09:23:50Z</time>
      </trkpt>
      <trkpt lat="59.931124559889199" lon="10.723907176015643">
        <ele>125.429</ele>
        <time>2026-07-26T09:23:51Z</time>
      </trkpt>
      <trkpt lat="59.931166981448278" lon="10.723841247360454">
        <ele>125.41</ele>
        <time>2026-07-26T09:23:52Z</time>
      </trkpt>
      <trkpt lat="59.931208744418576" lon="10.7237794095824">
        <ele>125.375</ele>
        <time>2026-07-26T09:23:53Z</time>
      </trkpt>
      <trkpt lat="59.931250224465785" lon="10.723721277995335">
        <ele>125.32</ele>
        <time>2026-07-26T09:23:54Z</time>
      </trkpt>
      <trkpt lat="59.931291013403559" lon="10.723664662667144">
        <ele>125.328</ele>
        <time>2026-07-26T09:23:55Z</time>
      </trkpt>
      <trkpt lat="59.931330931792104" lon="10.723609354039432">
        <ele>125.3</ele>
        <time>2026-07-26T09:23:56Z</time>
      </trkpt>
      <trkpt lat="59.931370882234233" lon="10.723554378574855">
        <ele>125.212</ele>
        <time>2026-07-26T09:23:57Z</time>
      </trkpt>
      <trkpt lat="59.931411387233609" lon="10.723499633841945">
        <ele>125.085</ele>
        <time>2026-07-26T09:23:58Z</time>
      </trkpt>
      <trkpt lat="59.931451450812382" lon="10.723446621337841">
        <ele>124.964</ele>
        <time>2026-07-26T09:23:59Z</time>
      </trkpt>
      <trkpt lat="59.931490266253995" lon="10.723396758795989">
        <ele>124.721</ele>
        <time>2026-07-26T09:24:00Z</time>
      </trkpt>
      <trkpt lat="59.931527998022254" lon="10.723349133953123">
        <ele>124.494</ele>
        <time>2026-07-26T09:24:01Z</time>
      </trkpt>
      <trkpt lat="59.931564160048978" lon="10.723304117742231">
        <ele>124.297</ele>
        <time>2026-07-26T09:24:02Z</time>
      </trkpt>
      <trkpt lat="59.931599331634558" lon="10.723262370168706">
        <ele>124.179</ele>
        <time>2026-07-26T09:24:03Z</time>
      </trkpt>
      <trkpt lat="59.931633678488815" lon="10.72322225778862">
        <ele>124.057</ele>
        <time>2026-07-26T09:24:04Z</time>
      </trkpt>
      <trkpt lat="59.931667443491051" lon="10.723182569469184">
        <ele>123.973</ele>
        <time>2026-07-26T09:24:05Z</time>
      </trkpt>
      <trkpt lat="59.931700247067802" lon="10.723143063652239">
        <ele>123.895</ele>
        <time>2026-07-26T09:24:06Z</time>
      </trkpt>
      <trkpt lat="59.931731485439364" lon="10.723104038848691">
        <ele>123.829</ele>
        <time>2026-07-26T09:24:07Z</time>
      </trkpt>
      <trkpt lat="59.931760533594691" lon="10.723066958021274">
        <ele>123.788</ele>
        <time>2026-07-26T09:24:08Z</time>
      </trkpt>
      <trkpt lat="59.931785525228563" lon="10.723034491538622">
        <ele>123.768</ele>
        <time>2026-07-26T09:24:09Z</time>
      </trkpt>
      <trkpt lat="59.931806022674984" lon="10.723006254424623">
        <ele>123.818</ele>
        <time>2026-07-26T09:24:10Z</time>
      </trkpt>
      <trkpt lat="59.93182203549506" lon="10.722980997428687">
        <ele>123.921</ele>
        <time>2026-07-26T09:24:11Z</time>
      </trkpt>
      <trkpt lat="59.931835320548288" lon="10.722951693047094">
        <ele>124.049</ele>
        <time>2026-07-26T09:24:12Z</time>
      </trkpt>
      <trkpt lat="59.931847075764779" lon="10.722913753199304">
        <ele>124.199</ele>
        <time>2026-07-26T09:24:13Z</time>
      </trkpt>
      <trkpt lat="59.931856916061676" lon="10.722865570492704">
        <ele>124.322</ele>
        <time>2026-07-26T09:24:14Z</time>
      </trkpt>
      <trkpt lat="59.931862868937287" lon="10.722807903709137">
        <ele>124.4</ele>
        <time>2026-07-26T09:24:15Z</time>
      </trkpt>
      <trkpt lat="59.931863265730946" lon="10.722743318874857">
        <ele>124.5</ele>
        <time>2026-07-26T09:24:16Z</time>
      </trkpt>
      <trkpt lat="59.931859250775332" lon="10.722676320624496">
        <ele>124.574</ele>
        <time>2026-07-26T09:24:17Z</time>
      </trkpt>
      <trkpt lat="59.931847375515844" lon="10.722607352886396">
        <ele>124.584</ele>
        <time>2026-07-26T09:24:18Z</time>
      </trkpt>
      <trkpt lat="59.931829011918325" lon="10.722537975277934">
        <ele>124.568</ele>
        <time>2026-07-26T09:24:19Z</time>
      </trkpt>
      <trkpt lat="59.931803854323334" lon="10.722468721497465">
        <ele>124.55</ele>
        <time>2026-07-26T09:24:20Z</time>
      </trkpt>
      <trkpt lat="59.931773086554593" lon="10.722398955972752">
        <ele>124.464</ele>
        <time>2026-07-26T09:24:21Z</time>
      </trkpt>
      <trkpt lat="59.931738142656634" lon="10.722329898607178">
        <ele>124.35</ele>
        <time>2026-07-26T09:24:22Z</time>
      </trkpt>
      <trkpt lat="59.931699153613508" lon="10.722258814307942">
        <ele>124.238</ele>
        <time>2026-07-26T09:24:23Z</time>
      </trkpt>
      <trkpt lat="59.931657563156556" lon="10.722186005253816">
        <ele>124.114</ele>
        <time>2026-07-26T09:24:24Z</time>
      </trkpt>
      <trkpt lat="59.931614560231424" lon="10.722110568242371">
        <ele>123.984</ele>
        <time>2026-07-26T09:24:25Z</time>
      </trkpt>
      <trkpt lat="59.931571010137965" lon="10.722033170881311">
        <ele>123.859</ele>
        <time>2026-07-26T09:24:26Z</time>
      </trkpt>
      <trkpt lat="59.93152745927771" lon="10.721954180088458">
        <ele>123.712</ele>
        <time>2026-07-26T09:24:27Z</time>
      </trkpt>
      <trkpt lat="59.93148418052624" lon="10.721874795063167">
        <ele>123.608</ele>
        <time>2026-07-26T09:24:28Z</time>
      </trkpt>
      <trkpt lat="59.931441561886707" lon="10.721794450356962">
        <ele>123.487</ele>
        <time>2026-07-26T09:24:29Z</time>
      </trkpt>
      <trkpt lat="59.931399342331154" lon="10.721712014144579">
        <ele>123.309</ele>
        <time>2026-07-26T09:24:30Z</time>
      </trkpt>
      <trkpt lat="59.931357575670752" lon="10.721627683887215">
        <ele>123.143</ele>
        <time>2026-07-26T09:24:31Z</time>
      </trkpt>
      <trkpt lat="59.931316366664312" lon="10.721541292123209">
        <ele>122.975</ele>
        <time>2026-07-26T09:24:32Z</time>
      </trkpt>
      <trkpt lat="59.931276010252901" lon="10.721453401372832">
        <ele>122.796</ele>
        <time>2026-07-26T09:24:33Z</time>
      </trkpt>
      <trkpt lat="59.931236260499894" lon="10.72136418262121">
        <ele>122.627</ele>
        <time>2026-07-26T09:24:34Z</time>
      </trkpt>
      <trkpt lat="59.931197143024654" lon="10.721274669807057">
        <ele>122.481</ele>
        <time>2026-07-26T09:24:35Z</time>
      </trkpt>
      <trkpt lat="59.931158502565033" lon="10.721184789845513">
        <ele>122.335</ele>
        <time>2026-07-26T09:24:36Z</time>
      </trkpt>
      <trkpt lat="59.931120297263519" lon="10.721093398019645">
        <ele>122.136</ele>
        <time>2026-07-26T09:24:37Z</time>
      </trkpt>
      <trkpt lat="59.931083197324803" lon="10.721000051173531">
        <ele>121.941</ele>
        <time>2026-07-26T09:24:38Z</time>
      </trkpt>
      <trkpt lat="59.931046968642491" lon="10.720905848370647">
        <ele>121.74</ele>
        <time>2026-07-26T09:24:39Z</time>
      </trkpt>
      <trkpt lat="59.93101110902991" lon="10.720809414029132">
        <ele>121.622</ele>
        <time>2026-07-26T09:24:40Z</time>
      </trkpt>
      <trkpt lat="59.930975575572411" lon="10.720711768610139">
        <ele>121.529</ele>
        <time>2026-07-26T09:24:41Z</time>
      </trkpt>
      <trkpt lat="59.930940123627913" lon="10.720615579188859">
        <ele>121.49</ele>
        <time>2026-07-26T09:24:42Z</time>
      </trkpt>
      <trkpt lat="59.930904955125527" lon="10.720521606100133">
        <ele>121.429</ele>
        <time>2026-07-26T09:24:43Z</time>
      </trkpt>
      <trkpt lat="59.930870208818348" lon="10.720429785200984">
        <ele>121.378</ele>
        <time>2026-07-26T09:24:44Z</time>
      </trkpt>
      <trkpt lat="59.930835656454242" lon="10.720340192198469">
        <ele>121.348</ele>
        <time>2026-07-26T09:24:45Z</time>
      </trkpt>
      <trkpt lat="59.930801737373464" lon="10.720253965863796">
        <ele>121.266</ele>
        <time>2026-07-26T09:24:46Z</time>
      </trkpt>
      <trkpt lat="59.930768687782553" lon="10.720169289812645">
        <ele>121.143</ele>
        <time>2026-07-26T09:24:47Z</time>
      </trkpt>
      <trkpt lat="59.930735540785633" lon="10.720084443456482">
        <ele>121.01</ele>
        <time>2026-07-26T09:24:48Z</time>
      </trkpt>
      <trkpt lat="59.930702255231196" lon="10.719999060756955">
        <ele>120.92</ele>
        <time>2026-07-26T09:24:49Z</time>
      </trkpt>
      <trkpt lat="59.930668644083802" lon="10.719913491347402">
        <ele>120.78</ele>
        <time>2026-07-26T09:24:50Z</time>
      </trkpt>
      <trkpt lat="59.93063442346407" lon="10.719827883861281">
        <ele>120.658</ele>
        <time>2026-07-26T09:24:51Z</time>
      </trkpt>
      <trkpt lat="59.930599848447244" lon="10.719741857261532">
        <ele>120.549</ele>
        <time>2026-07-26T09:24:52Z</time>
      </trkpt>
      <trkpt lat="59.930565127984856" lon="10.719655453588327">
        <ele>120.39</ele>
        <time>2026-07-26T09:24:53Z</time>
      </trkpt>
      <trkpt lat="59.930530001046549" lon="10.71956958151528">
        <ele>120.206</ele>
        <time>2026-07-26T09:24:54Z</time>
      </trkpt>
      <trkpt lat="59.930494678635853" lon="10.719483636328949">
        <ele>120.004</ele>
        <time>2026-07-26T09:24:55Z</time>
      </trkpt>
      <trkpt lat="59.930459568058843" lon="10.719397638913351">
        <ele>119.803</ele>
        <time>2026-07-26T09:24:56Z</time>
      </trkpt>
      <trkpt lat="59.930424510252379" lon="10.719311751323918">
        <ele>119.582</ele>
        <time>2026-07-26T09:24:57Z</time>
      </trkpt>
      <trkpt lat="59.930389669980784" lon="10.719225473084309">
        <ele>119.356</ele>
        <time>2026-07-26T09:24:58Z</time>
      </trkpt>
      <trkpt lat="59.930354844557954" lon="10.719139154919676">
        <ele>119.167</ele>
        <time>2026-07-26T09:24:59Z</time>
      </trkpt>
      <trkpt lat="59.930320096480251" lon="10.719053326114087">
        <ele>119.023</ele>
        <time>2026-07-26T09:25:00Z</time>
      </trkpt>
      <trkpt lat="59.930285972036913" lon="10.718969170666401">
        <ele>118.911</ele>
        <time>2026-07-26T09:25:01Z</time>
      </trkpt>
      <trkpt lat="59.930252782201556" lon="10.718886868583214">
        <ele>118.768</ele>
        <time>2026-07-26T09:25:02Z</time>
      </trkpt>
      <trkpt lat="59.930220453934794" lon="10.718806085142177">
        <ele>118.683</ele>
        <time>2026-07-26T09:25:03Z</time>
      </trkpt>
      <trkpt lat="59.930188593905577" lon="10.718725635511358">
        <ele>118.597</ele>
        <time>2026-07-26T09:25:04Z</time>
      </trkpt>
      <trkpt lat="59.930157537191832" lon="10.718645136452533">
        <ele>118.555</ele>
        <time>2026-07-26T09:25:05Z</time>
      </trkpt>
      <trkpt lat="59.930126690190015" lon="10.718565539061244">
        <ele>118.508</ele>
        <time>2026-07-26T09:25:06Z</time>
      </trkpt>
      <trkpt lat="59.930096343021184" lon="10.718486561902568">
        <ele>118.41</ele>
        <time>2026-07-26T09:25:07Z</time>
      </trkpt>
      <trkpt lat="59.930067033239439" lon="10.718408109145264">
        <ele>118.311</ele>
        <time>2026-07-26T09:25:08Z</time>
      </trkpt>
      <trkpt lat="59.930038598506826" lon="10.718331201163037">
        <ele>118.21</ele>
        <time>2026-07-26T09:25:09Z</time>
      </trkpt>
      <trkpt lat="59.930011647113751" lon="10.71825693240304">
        <ele>118.145</ele>
        <time>2026-07-26T09:25:10Z</time>
      </trkpt>
      <trkpt lat="59.92998550718734" lon="10.71818662465007">
        <ele>118.045</ele>
        <time>2026-07-26T09:25:11Z</time>
      </trkpt>
      <trkpt lat="59.92996079538036" lon="10.718120412454859">
        <ele>117.956</ele>
        <time>2026-07-26T09:25:12Z</time>
      </trkpt>
      <trkpt lat="59.929936609973041" lon="10.718055318119671">
        <ele>117.876</ele>
        <time>2026-07-26T09:25:13Z</time>
      </trkpt>
      <trkpt lat="59.929911599739107" lon="10.717989788942454">
        <ele>117.796</ele>
        <time>2026-07-26T09:25:14Z</time>
      </trkpt>
      <trkpt lat="59.929885298563285" lon="10.717922781890769">
        <ele>117.708</ele>
        <time>2026-07-26T09:25:15Z</time>
      </trkpt>
      <trkpt lat="59.929858252212227" lon="10.717854171063379">
        <ele>117.598</ele>
        <time>2026-07-26T09:25:16Z</time>
      </trkpt>
      <trkpt lat="59.92983091266575" lon="10.717784794536811">
        <ele>117.473</ele>
        <time>2026-07-26T09:25:17Z</time>
      </trkpt>
      <trkpt lat="59.929803546560755" lon="10.717715444069789">
        <ele>117.344</ele>
        <time>2026-07-26T09:25:18Z</time>
      </trkpt>
      <trkpt lat="59.929776023002184" lon="10.717645807282981">
        <ele>117.081</ele>
        <time>2026-07-26T09:25:19Z</time>
      </trkpt>
      <trkpt lat="59.929748737158484" lon="10.717575884433456">
        <ele>116.815</ele>
        <time>2026-07-26T09:25:20Z</time>
      </trkpt>
      <trkpt lat="59.929721608737367" lon="10.717506264409792">
        <ele>116.599</ele>
        <time>2026-07-26T09:25:21Z</time>
      </trkpt>
      <trkpt lat="59.929694254204129" lon="10.717437261981269">
        <ele>116.41</ele>
        <time>2026-07-26T09:25:22Z</time>
      </trkpt>
      <trkpt lat="59.929667094444291" lon="10.717368318146761">
        <ele>116.199</ele>
        <time>2026-07-26T09:25:23Z</time>
      </trkpt>
      <trkpt lat="59.929639835487023" lon="10.71729976388781">
        <ele>116.049</ele>
        <time>2026-07-26T09:25:24Z</time>
      </trkpt>
      <trkpt lat="59.929612345671515" lon="10.717231441869655">
        <ele>115.93</ele>
        <time>2026-07-26T09:25:25Z</time>
      </trkpt>
      <trkpt lat="59.929584799299157" lon="10.717162945928711">
        <ele>115.816</ele>
        <time>2026-07-26T09:25:26Z</time>
      </trkpt>
      <trkpt lat="59.929557399835936" lon="10.717095071976198">
        <ele>115.669</ele>
        <time>2026-07-26T09:25:27Z</time>
      </trkpt>
      <trkpt lat="59.929530986191253" lon="10.717028980302832">
        <ele>115.56</ele>
        <time>2026-07-26T09:25:28Z</time>
      </trkpt>
      <trkpt lat="59.929505661089344" lon="10.716964852185592">
        <ele>115.427</ele>
        <time>2026-07-26T09:25:29Z</time>
      </trkpt>
      <trkpt lat="59.929481909212548" lon="10.716903356118685">
        <ele>115.329</ele>
        <time>2026-07-26T09:25:30Z</time>
      </trkpt>
      <trkpt lat="59.929459977566765" lon="10.716846062010532">
        <ele>115.248</ele>
        <time>2026-07-26T09:25:31Z</time>
      </trkpt>
      <trkpt lat="59.929440509600902" lon="10.71679306568636">
        <ele>115.221</ele>
        <time>2026-07-26T09:25:32Z</time>
      </trkpt>
      <trkpt lat="59.929423410151884" lon="10.716745048318455">
        <ele>115.304</ele>
        <time>2026-07-26T09:25:33Z</time>
      </trkpt>
      <trkpt lat="59.929408906576427" lon="10.716702730154259">
        <ele>115.365</ele>
        <time>2026-07-26T09:25:34Z</time>
      </trkpt>
      <trkpt lat="59.929397357298598" lon="10.716666723880072">
        <ele>115.475</ele>
        <time>2026-07-26T09:25:35Z</time>
      </trkpt>
      <trkpt lat="59.929388679326649" lon="10.716638167482508">
        <ele>115.597</ele>
        <time>2026-07-26T09:25:36Z</time>
      </trkpt>
      <trkpt lat="59.929382490086041" lon="10.716590833665547">
        <ele>115.804</ele>
        <time>2026-07-26T09:26:03Z</time>
      </trkpt>
      <trkpt lat="59.929377062145569" lon="10.716544695723636">
        <ele>115.976</ele>
        <time>2026-07-26T09:26:04Z</time>
      </trkpt>
      <trkpt lat="59.929372922281416" lon="10.716495840163175">
        <ele>116.116</ele>
        <time>2026-07-26T09:26:05Z</time>
      </trkpt>
      <trkpt lat="59.929369786881665" lon="10.716443555982579">
        <ele>116.238</ele>
        <time>2026-07-26T09:26:06Z</time>
      </trkpt>
      <trkpt lat="59.929366612983863" lon="10.716387819223215">
        <ele>116.342</ele>
        <time>2026-07-26T09:26:07Z</time>
      </trkpt>
      <trkpt lat="59.929361686660613" lon="10.716329023299915">
        <ele>116.426</ele>
        <time>2026-07-26T09:26:08Z</time>
      </trkpt>
      <trkpt lat="59.929354022896888" lon="10.716267804679989">
        <ele>116.447</ele>
        <time>2026-07-26T09:26:09Z</time>
      </trkpt>
      <trkpt lat="59.929342978846279" lon="10.71620577100698">
        <ele>116.433</ele>
        <time>2026-07-26T09:26:10Z</time>
      </trkpt>
      <trkpt lat="59.929329108741776" lon="10.716144649460849">
        <ele>116.355</ele>
        <time>2026-07-26T09:26:11Z</time>
      </trkpt>
      <trkpt lat="59.929313168966637" lon="10.716084559272499">
        <ele>116.268</ele>
        <time>2026-07-26T09:26:12Z</time>
      </trkpt>
      <trkpt lat="59.929294542544262" lon="10.716024141308637">
        <ele>116.188</ele>
        <time>2026-07-26T09:26:13Z</time>
      </trkpt>
      <trkpt lat="59.929273351008547" lon="10.715960674806306">
        <ele>115.94</ele>
        <time>2026-07-26T09:26:14Z</time>
      </trkpt>
      <trkpt lat="59.929249700576278" lon="10.715896661889685">
        <ele>115.681</ele>
        <time>2026-07-26T09:26:15Z</time>
      </trkpt>
      <trkpt lat="59.929223790561416" lon="10.715832145137806">
        <ele>115.408</ele>
        <time>2026-07-26T09:26:16Z</time>
      </trkpt>
      <trkpt lat="59.929196335594675" lon="10.715765951553655">
        <ele>115.134</ele>
        <time>2026-07-26T09:26:17Z</time>
      </trkpt>
      <trkpt lat="59.92916832297815" lon="10.715698455726047">
        <ele>114.871</ele>
        <time>2026-07-26T09:26:18Z</time>
      </trkpt>
      <trkpt lat="59.929140898871118" lon="10.715630019649723">
        <ele>114.612</ele>
        <time>2026-07-26T09:26:19Z</time>
      </trkpt>
      <trkpt lat="59.929114598394065" lon="10.715561075682219">
        <ele>114.362</ele>
        <time>2026-07-26T09:26:20Z</time>
      </trkpt>
      <trkpt lat="59.929089062376853" lon="10.715492226904251">
        <ele>114.153</ele>
        <time>2026-07-26T09:26:21Z</time>
      </trkpt>
      <trkpt lat="59.929064199464271" lon="10.71542436904417">
        <ele>113.993</ele>
        <time>2026-07-26T09:26:22Z</time>
      </trkpt>
      <trkpt lat="59.92904175805517" lon="10.715356682284545">
        <ele>113.837</ele>
        <time>2026-07-26T09:26:23Z</time>
      </trkpt>
      <trkpt lat="59.929023164356657" lon="10.715290108350725">
        <ele>113.728</ele>
        <time>2026-07-26T09:26:24Z</time>
      </trkpt>
      <trkpt lat="59.929007689649374" lon="10.715225280153202">
        <ele>113.54</ele>
        <time>2026-07-26T09:26:25Z</time>
      </trkpt>
      <trkpt lat="59.928997395102805" lon="10.71515853565738">
        <ele>113.442</ele>
        <time>2026-07-26T09:26:26Z</time>
      </trkpt>
      <trkpt lat="59.928991927568262" lon="10.715090280948907">
        <ele>113.445</ele>
        <time>2026-07-26T09:26:27Z</time>
      </trkpt>
      <trkpt lat="59.928992525656739" lon="10.715021641169889">
        <ele>113.474</ele>
        <time>2026-07-26T09:26:28Z</time>
      </trkpt>
      <trkpt lat="59.928999989307307" lon="10.714954766602759">
        <ele>113.556</ele>
        <time>2026-07-26T09:26:29Z</time>
      </trkpt>
      <trkpt lat="59.929015425115928" lon="10.714890827884531">
        <ele>113.615</ele>
        <time>2026-07-26T09:26:30Z</time>
      </trkpt>
      <trkpt lat="59.929038431020288" lon="10.714828865922845">
        <ele>113.639</ele>
        <time>2026-07-26T09:26:31Z</time>
      </trkpt>
      <trkpt lat="59.929067814175461" lon="10.714767384295156">
        <ele>113.665</ele>
        <time>2026-07-26T09:26:32Z</time>
      </trkpt>
      <trkpt lat="59.92910269161699" lon="10.71470482889916">
        <ele>113.703</ele>
        <time>2026-07-26T09:26:33Z</time>
      </trkpt>
      <trkpt lat="59.929141869458412" lon="10.714640014907385">
        <ele>113.729</ele>
        <time>2026-07-26T09:26:34Z</time>
      </trkpt>
      <trkpt lat="59.929184213627146" lon="10.714573187270865">
        <ele>113.724</ele>
        <time>2026-07-26T09:26:35Z</time>
      </trkpt>
      <trkpt lat="59.929228545573778" lon="10.71450597822402">
        <ele>113.728</ele>
        <time>2026-07-26T09:26:36Z</time>
      </trkpt>
      <trkpt lat="59.92927396670288" lon="10.714439523579459">
        <ele>113.738</ele>
        <time>2026-07-26T09:26:37Z</time>
      </trkpt>
      <trkpt lat="59.929320428391677" lon="10.714372038092">
        <ele>113.758</ele>
        <time>2026-07-26T09:26:38Z</time>
      </trkpt>
      <trkpt lat="59.929366298519234" lon="10.71430485348281">
        <ele>113.781</ele>
        <time>2026-07-26T09:26:39Z</time>
      </trkpt>
      <trkpt lat="59.929410071717555" lon="10.714240378003296">
        <ele>113.822</ele>
        <time>2026-07-26T09:26:40Z</time>
      </trkpt>
      <trkpt lat="59.929452322153324" lon="10.714179499720162">
        <ele>113.83</ele>
        <time>2026-07-26T09:26:41Z</time>
      </trkpt>
      <trkpt lat="59.929492131126793" lon="10.714121081723718">
        <ele>113.836</ele>
        <time>2026-07-26T09:26:42Z</time>
      </trkpt>
      <trkpt lat="59.929529862315725" lon="10.714065225568891">
        <ele>113.839</ele>
        <time>2026-07-26T09:26:43Z</time>
      </trkpt>
      <trkpt lat="59.929565250360156" lon="10.71401310158601">
        <ele>113.839</ele>
        <time>2026-07-26T09:26:44Z</time>
      </trkpt>
      <trkpt lat="59.929598016705391" lon="10.71396552573793">
        <ele>113.812</ele>
        <time>2026-07-26T09:26:45Z</time>
      </trkpt>
      <trkpt lat="59.929627729485588" lon="10.713920164960918">
        <ele>113.871</ele>
        <time>2026-07-26T09:26:46Z</time>
      </trkpt>
      <trkpt lat="59.929653195961116" lon="10.713883780068741">
        <ele>113.907</ele>
        <time>2026-07-26T09:26:47Z</time>
      </trkpt>
      <trkpt lat="59.929672335687037" lon="10.713857621409421">
        <ele>113.992</ele>
        <time>2026-07-26T09:26:54Z</time>
      </trkpt>
      <trkpt lat="59.929684602569779" lon="10.713842441880645">
        <ele>114.028</ele>
        <time>2026-07-26T09:26:57Z</time>
      </trkpt>
      <trkpt lat="59.929692944475036" lon="10.713852479072781">
        <ele>113.96</ele>
        <time>2026-07-26T09:27:20Z</time>
      </trkpt>
      <trkpt lat="59.929699972500295" lon="10.713857186439146">
        <ele>113.907</ele>
        <time>2026-07-26T09:27:21Z</time>
      </trkpt>
      <trkpt lat="59.92970777416302" lon="10.713856864490324">
        <ele>113.847</ele>
        <time>2026-07-26T09:27:22Z</time>
      </trkpt>
      <trkpt lat="59.9297171535584" lon="10.713843251755309">
        <ele>113.797</ele>
        <time>2026-07-26T09:27:23Z</time>
      </trkpt>
      <trkpt lat="59.929729714153389" lon="10.713820978268501">
        <ele>113.758</ele>
        <time>2026-07-26T09:27:24Z</time>
      </trkpt>
      <trkpt lat="59.929745667331694" lon="10.71378880061854">
        <ele>113.741</ele>
        <time>2026-07-26T09:27:25Z</time>
      </trkpt>
      <trkpt lat="59.929763097573286" lon="10.713751112431902">
        <ele>113.712</ele>
        <time>2026-07-26T09:27:26Z</time>
      </trkpt>
      <trkpt lat="59.929784343292539" lon="10.713703889856978">
        <ele>113.664</ele>
        <time>2026-07-26T09:27:27Z</time>
      </trkpt>
      <trkpt lat="59.92981050999979" lon="10.71364809265997">
        <ele>113.601</ele>
        <time>2026-07-26T09:27:28Z</time>
      </trkpt>
      <trkpt lat="59.929840145014872" lon="10.713587155781072">
        <ele>113.476</ele>
        <time>2026-07-26T09:27:29Z</time>
      </trkpt>
      <trkpt lat="59.929872633821141" lon="10.713519257885862">
        <ele>113.392</ele>
        <time>2026-07-26T09:27:30Z</time>
      </trkpt>
      <trkpt lat="59.929906291275451" lon="10.713447881918475">
        <ele>113.325</ele>
        <time>2026-07-26T09:27:31Z</time>
      </trkpt>
      <trkpt lat="59.929940773211982" lon="10.713373829953749">
        <ele>113.268</ele>
        <time>2026-07-26T09:27:32Z</time>
      </trkpt>
      <trkpt lat="59.929975827349331" lon="10.713302001635929">
        <ele>113.275</ele>
        <time>2026-07-26T09:27:33Z</time>
      </trkpt>
      <trkpt lat="59.930011015781773" lon="10.71323264791083">
        <ele>113.289</ele>
        <time>2026-07-26T09:27:34Z</time>
      </trkpt>
      <trkpt lat="59.930044726246571" lon="10.713167936590267">
        <ele>113.332</ele>
        <time>2026-07-26T09:27:35Z</time>
      </trkpt>
      <trkpt lat="59.930076677186285" lon="10.713108560030262">
        <ele>113.396</ele>
        <time>2026-07-26T09:27:36Z</time>
      </trkpt>
      <trkpt lat="59.930107597275509" lon="10.713053474545248">
        <ele>113.454</ele>
        <time>2026-07-26T09:27:37Z</time>
      </trkpt>
      <trkpt lat="59.930137746887134" lon="10.713002661813888">
        <ele>113.549</ele>
        <time>2026-07-26T09:27:38Z</time>
      </trkpt>
      <trkpt lat="59.930167325777504" lon="10.712954291309565">
        <ele>113.61</ele>
        <time>2026-07-26T09:27:39Z</time>
      </trkpt>
      <trkpt lat="59.930196785806878" lon="10.712908982983931">
        <ele>113.628</ele>
        <time>2026-07-26T09:27:40Z</time>
      </trkpt>
      <trkpt lat="59.930223975744852" lon="10.71286619836618">
        <ele>113.688</ele>
        <time>2026-07-26T09:27:41Z</time>
      </trkpt>
      <trkpt lat="59.930247783516513" lon="10.712825435317825">
        <ele>113.747</ele>
        <time>2026-07-26T09:27:42Z</time>
      </trkpt>
      <trkpt lat="59.930266099898674" lon="10.712781117271552">
        <ele>113.772</ele>
        <time>2026-07-26T09:27:43Z</time>
      </trkpt>
      <trkpt lat="59.930276396699909" lon="10.712729618186954">
        <ele>113.817</ele>
        <time>2026-07-26T09:27:44Z</time>
      </trkpt>
      <trkpt lat="59.930280418295169" lon="10.712672248269588">
        <ele>113.867</ele>
        <time>2026-07-26T09:27:45Z</time>
      </trkpt>
      <trkpt lat="59.930274507769511" lon="10.712611016185503">
        <ele>113.893</ele>
        <time>2026-07-26T09:27:46Z</time>
      </trkpt>
      <trkpt lat="59.930258577751466" lon="10.712549033948456">
        <ele>113.961</ele>
        <time>2026-07-26T09:27:47Z</time>
      </trkpt>
      <trkpt lat="59.930233904998694" lon="10.712486869151327">
        <ele>114.094</ele>
        <time>2026-07-26T09:27:48Z</time>
      </trkpt>
      <trkpt lat="59.930202343622931" lon="10.712426451046667">
        <ele>114.157</ele>
        <time>2026-07-26T09:27:49Z</time>
      </trkpt>
      <trkpt lat="59.930166060137331" lon="10.712363123915509">
        <ele>114.192</ele>
        <time>2026-07-26T09:27:50Z</time>
      </trkpt>
      <trkpt lat="59.930125869358932" lon="10.712297818055895">
        <ele>114.262</ele>
        <time>2026-07-26T09:27:51Z</time>
      </trkpt>
      <trkpt lat="59.930084477390722" lon="10.712235945689937">
        <ele>114.326</ele>
        <time>2026-07-26T09:27:52Z</time>
      </trkpt>
      <trkpt lat="59.930041608053649" lon="10.712173346030532">
        <ele>114.5</ele>
        <time>2026-07-26T09:27:53Z</time>
      </trkpt>
      <trkpt lat="59.929999345313711" lon="10.712107393249365">
        <ele>114.475</ele>
        <time>2026-07-26T09:27:54Z</time>
      </trkpt>
      <trkpt lat="59.929957665671843" lon="10.712035273954648">
        <ele>114.24</ele>
        <time>2026-07-26T09:27:55Z</time>
      </trkpt>
      <trkpt lat="59.929917084289656" lon="10.711958949730779">
        <ele>114.064</ele>
        <time>2026-07-26T09:27:56Z</time>
      </trkpt>
      <trkpt lat="59.929879749017942" lon="10.711879820092021">
        <ele>114.003</ele>
        <time>2026-07-26T09:27:57Z</time>
      </trkpt>
      <trkpt lat="59.929844172953189" lon="10.711799683243852">
        <ele>113.942</ele>
        <time>2026-07-26T09:27:58Z</time>
      </trkpt>
      <trkpt lat="59.929811441411481" lon="10.711720197624695">
        <ele>113.907</ele>
        <time>2026-07-26T09:27:59Z</time>
      </trkpt>
      <trkpt lat="59.929780728867534" lon="10.711643440795811">
        <ele>113.89</ele>
        <time>2026-07-26T09:28:00Z</time>
      </trkpt>
      <trkpt lat="59.929751224032572" lon="10.711566267493643">
        <ele>113.868</ele>
        <time>2026-07-26T09:28:01Z</time>
      </trkpt>
      <trkpt lat="59.929722598340405" lon="10.711486994250802">
        <ele>113.769</ele>
        <time>2026-07-26T09:28:02Z</time>
      </trkpt>
      <trkpt lat="59.929695016261434" lon="10.711406411274755">
        <ele>113.74</ele>
        <time>2026-07-26T09:28:03Z</time>
      </trkpt>
      <trkpt lat="59.929667928549428" lon="10.711325892854486">
        <ele>113.694</ele>
        <time>2026-07-26T09:28:04Z</time>
      </trkpt>
      <trkpt lat="59.929641019361398" lon="10.71124495123107">
        <ele>113.694</ele>
        <time>2026-07-26T09:28:05Z</time>
      </trkpt>
      <trkpt lat="59.929614057538011" lon="10.711163477366329">
        <ele>113.706</ele>
        <time>2026-07-26T09:28:06Z</time>
      </trkpt>
      <trkpt lat="59.929585049609997" lon="10.71108271483358">
        <ele>113.732</ele>
        <time>2026-07-26T09:28:07Z</time>
      </trkpt>
      <trkpt lat="59.929554509128302" lon="10.711000922672861">
        <ele>113.567</ele>
        <time>2026-07-26T09:28:08Z</time>
      </trkpt>
      <trkpt lat="59.929523566248854" lon="10.710919515974727">
        <ele>113.493</ele>
        <time>2026-07-26T09:28:09Z</time>
      </trkpt>
      <trkpt lat="59.929491659327248" lon="10.710834946723654">
        <ele>113.514</ele>
        <time>2026-07-26T09:28:10Z</time>
      </trkpt>
      <trkpt lat="59.929460721947301" lon="10.710749169479152">
        <ele>113.567</ele>
        <time>2026-07-26T09:28:11Z</time>
      </trkpt>
      <trkpt lat="59.929433713250326" lon="10.710662965343069">
        <ele>113.759</ele>
        <time>2026-07-26T09:28:12Z</time>
      </trkpt>
      <trkpt lat="59.929408856472079" lon="10.710574413440961">
        <ele>113.932</ele>
        <time>2026-07-26T09:28:13Z</time>
      </trkpt>
      <trkpt lat="59.929384014901345" lon="10.710485098289785">
        <ele>113.968</ele>
        <time>2026-07-26T09:28:14Z</time>
      </trkpt>
      <trkpt lat="59.929360644968341" lon="10.710397716339038">
        <ele>114.133</ele>
        <time>2026-07-26T09:28:15Z</time>
      </trkpt>
      <trkpt lat="59.929338791130832" lon="10.710310936311602">
        <ele>114.268</ele>
        <time>2026-07-26T09:28:16Z</time>
      </trkpt>
      <trkpt lat="59.929317226913085" lon="10.710223716443036">
        <ele>114.423</ele>
        <time>2026-07-26T09:28:17Z</time>
      </trkpt>
      <trkpt lat="59.929294679668878" lon="10.710139640999536">
        <ele>114.528</ele>
        <time>2026-07-26T09:28:18Z</time>
      </trkpt>
      <trkpt lat="59.929270980318762" lon="10.710062041507623">
        <ele>114.639</ele>
        <time>2026-07-26T09:28:19Z</time>
      </trkpt>
      <trkpt lat="59.929247440562094" lon="10.709987701447195">
        <ele>114.765</ele>
        <time>2026-07-26T09:28:20Z</time>
      </trkpt>
      <trkpt lat="59.929222178564409" lon="10.709916038413921">
        <ele>114.843</ele>
        <time>2026-07-26T09:28:21Z</time>
      </trkpt>
      <trkpt lat="59.929195085550454" lon="10.709847228363438">
        <ele>114.794</ele>
        <time>2026-07-26T09:28:22Z</time>
      </trkpt>
      <trkpt lat="59.929164018291331" lon="10.709774273629947">
        <ele>114.814</ele>
        <time>2026-07-26T09:28:23Z</time>
      </trkpt>
      <trkpt lat="59.929129566768424" lon="10.709697146918906">
        <ele>114.784</ele>
        <time>2026-07-26T09:28:24Z</time>
      </trkpt>
      <trkpt lat="59.929094323182845" lon="10.70961559869072">
        <ele>114.699</ele>
        <time>2026-07-26T09:28:25Z</time>
      </trkpt>
      <trkpt lat="59.929058172677927" lon="10.709532322170967">
        <ele>114.59</ele>
        <time>2026-07-26T09:28:26Z</time>
      </trkpt>
      <trkpt lat="59.929021771931168" lon="10.709448075537363">
        <ele>114.451</ele>
        <time>2026-07-26T09:28:27Z</time>
      </trkpt>
      <trkpt lat="59.928986622670735" lon="10.709364003894899">
        <ele>114.324</ele>
        <time>2026-07-26T09:28:28Z</time>
      </trkpt>
      <trkpt lat="59.928952370126282" lon="10.709281033292621">
        <ele>114.159</ele>
        <time>2026-07-26T09:28:29Z</time>
      </trkpt>
      <trkpt lat="59.928916713836642" lon="10.709204089756843">
        <ele>113.947</ele>
        <time>2026-07-26T09:28:30Z</time>
      </trkpt>
      <trkpt lat="59.928881807130161" lon="10.709127703631252">
        <ele>113.8</ele>
        <time>2026-07-26T09:28:31Z</time>
      </trkpt>
      <trkpt lat="59.928846646225843" lon="10.709054684046313">
        <ele>113.675</ele>
        <time>2026-07-26T09:28:32Z</time>
      </trkpt>
      <trkpt lat="59.928812537112975" lon="10.708989254291616">
        <ele>113.479</ele>
        <time>2026-07-26T09:28:33Z</time>
      </trkpt>
      <trkpt lat="59.928778101896405" lon="10.708927340262273">
        <ele>113.103</ele>
        <time>2026-07-26T09:28:34Z</time>
      </trkpt>
      <trkpt lat="59.928744192621593" lon="10.708868052831543">
        <ele>112.756</ele>
        <time>2026-07-26T09:28:35Z</time>
      </trkpt>
      <trkpt lat="59.928712161941121" lon="10.708805109589671">
        <ele>112.386</ele>
        <time>2026-07-26T09:28:36Z</time>
      </trkpt>
      <trkpt lat="59.928681991972006" lon="10.708740555132557">
        <ele>112.1</ele>
        <time>2026-07-26T09:28:37Z</time>
      </trkpt>
      <trkpt lat="59.928652027038837" lon="10.708675844733266">
        <ele>111.92</ele>
        <time>2026-07-26T09:28:38Z</time>
      </trkpt>
      <trkpt lat="59.928622034067097" lon="10.708610288127385">
        <ele>111.803</ele>
        <time>2026-07-26T09:28:39Z</time>
      </trkpt>
      <trkpt lat="59.928593194220454" lon="10.70854351321233">
        <ele>111.73</ele>
        <time>2026-07-26T09:28:40Z</time>
      </trkpt>
      <trkpt lat="59.928566116827497" lon="10.70848117763251">
        <ele>111.742</ele>
        <time>2026-07-26T09:28:41Z</time>
      </trkpt>
      <trkpt lat="59.928540945148242" lon="10.708424137801238">
        <ele>111.786</ele>
        <time>2026-07-26T09:28:42Z</time>
      </trkpt>
      <trkpt lat="59.928517519944279" lon="10.708374406766271">
        <ele>111.852</ele>
        <time>2026-07-26T09:28:43Z</time>
      </trkpt>
      <trkpt lat="59.928496996593353" lon="10.708331843677581">
        <ele>111.968</ele>
        <time>2026-07-26T09:28:44Z</time>
      </trkpt>
      <trkpt lat="59.928476670958709" lon="10.708295476101256">
        <ele>112.078</ele>
        <time>2026-07-26T09:28:45Z</time>
      </trkpt>
      <trkpt lat="59.928455167460207" lon="10.70826674480606">
        <ele>112.195</ele>
        <time>2026-07-26T09:28:46Z</time>
      </trkpt>
      <trkpt lat="59.928431031564301" lon="10.708247672081242">
        <ele>112.328</ele>
        <time>2026-07-26T09:28:47Z</time>
      </trkpt>
      <trkpt lat="59.928403317574443" lon="10.708244709754389">
        <ele>112.413</ele>
        <time>2026-07-26T09:28:48Z</time>
      </trkpt>
      <trkpt lat="59.92837406777636" lon="10.708259421264556">
        <ele>112.458</ele>
        <time>2026-07-26T09:28:49Z</time>
      </trkpt>
      <trkpt lat="59.928343811711919" lon="10.708289876033861">
        <ele>112.451</ele>
        <time>2026-07-26T09:28:50Z</time>
      </trkpt>
      <trkpt lat="59.928313757178202" lon="10.70833452320959">
        <ele>112.413</ele>
        <time>2026-07-26T09:28:51Z</time>
      </trkpt>
      <trkpt lat="59.928284824197206" lon="10.708390444993769">
        <ele>112.355</ele>
        <time>2026-07-26T09:28:52Z</time>
      </trkpt>
      <trkpt lat="59.92825692580027" lon="10.708455767414566">
        <ele>112.242</ele>
        <time>2026-07-26T09:28:53Z</time>
      </trkpt>
      <trkpt lat="59.928228806779622" lon="10.708529610100456">
        <ele>112.099</ele>
        <time>2026-07-26T09:28:54Z</time>
      </trkpt>
      <trkpt lat="59.928200521011" lon="10.708608035422099">
        <ele>111.919</ele>
        <time>2026-07-26T09:28:55Z</time>
      </trkpt>
      <trkpt lat="59.928171604128437" lon="10.708690550462807">
        <ele>111.7</ele>
        <time>2026-07-26T09:28:56Z</time>
      </trkpt>
      <trkpt lat="59.928142818373168" lon="10.708776457437185">
        <ele>111.452</ele>
        <time>2026-07-26T09:28:57Z</time>
      </trkpt>
      <trkpt lat="59.928114046430181" lon="10.708867224359306">
        <ele>111.227</ele>
        <time>2026-07-26T09:28:58Z</time>
      </trkpt>
      <trkpt lat="59.928085580365376" lon="10.708961864081768">
        <ele>110.958</ele>
        <time>2026-07-26T09:28:59Z</time>
      </trkpt>
      <trkpt lat="59.92805723463151" lon="10.709058781829963">
        <ele>110.677</ele>
        <time>2026-07-26T09:29:00Z</time>
      </trkpt>
      <trkpt lat="59.928028665830439" lon="10.709154816403075">
        <ele>110.437</ele>
        <time>2026-07-26T09:29:01Z</time>
      </trkpt>
      <trkpt lat="59.928000235959274" lon="10.709248328871618">
        <ele>110.321</ele>
        <time>2026-07-26T09:29:02Z</time>
      </trkpt>
      <trkpt lat="59.927971641528515" lon="10.709341399769061">
        <ele>110.211</ele>
        <time>2026-07-26T09:29:03Z</time>
      </trkpt>
      <trkpt lat="59.927942395608234" lon="10.709434129617883">
        <ele>110.15</ele>
        <time>2026-07-26T09:29:04Z</time>
      </trkpt>
      <trkpt lat="59.9279126547573" lon="10.709526470673326">
        <ele>110.14</ele>
        <time>2026-07-26T09:29:05Z</time>
      </trkpt>
      <trkpt lat="59.927882344381544" lon="10.709619373338908">
        <ele>110.088</ele>
        <time>2026-07-26T09:29:06Z</time>
      </trkpt>
      <trkpt lat="59.927852246953989" lon="10.709710910558428">
        <ele>110.054</ele>
        <time>2026-07-26T09:29:07Z</time>
      </trkpt>
      <trkpt lat="59.927823316844503" lon="10.70979881971525">
        <ele>110.049</ele>
        <time>2026-07-26T09:29:08Z</time>
      </trkpt>
      <trkpt lat="59.927795622694369" lon="10.709883154114719">
        <ele>110.052</ele>
        <time>2026-07-26T09:29:09Z</time>
      </trkpt>
      <trkpt lat="59.927769904126166" lon="10.709965525511167">
        <ele>110.073</ele>
        <time>2026-07-26T09:29:10Z</time>
      </trkpt>
      <trkpt lat="59.927747658069585" lon="10.710045690118825">
        <ele>110.113</ele>
        <time>2026-07-26T09:29:11Z</time>
      </trkpt>
      <trkpt lat="59.927730576147965" lon="10.710123118648038">
        <ele>110.124</ele>
        <time>2026-07-26T09:29:12Z</time>
      </trkpt>
      <trkpt lat="59.927720970149515" lon="10.710197409109673">
        <ele>110.152</ele>
        <time>2026-07-26T09:29:13Z</time>
      </trkpt>
      <trkpt lat="59.927720661393145" lon="10.710267388262148">
        <ele>110.254</ele>
        <time>2026-07-26T09:29:14Z</time>
      </trkpt>
      <trkpt lat="59.927729323141385" lon="10.7103318825191">
        <ele>110.34</ele>
        <time>2026-07-26T09:29:15Z</time>
      </trkpt>
      <trkpt lat="59.927744852896019" lon="10.71039114007357">
        <ele>110.455</ele>
        <time>2026-07-26T09:29:16Z</time>
      </trkpt>
      <trkpt lat="59.927768475602257" lon="10.710445710502551">
        <ele>110.625</ele>
        <time>2026-07-26T09:29:17Z</time>
      </trkpt>
      <trkpt lat="59.927797594372237" lon="10.710498488894876">
        <ele>110.829</ele>
        <time>2026-07-26T09:29:18Z</time>
      </trkpt>
      <trkpt lat="59.927830217912053" lon="10.710546447886072">
        <ele>111.037</ele>
        <time>2026-07-26T09:29:19Z</time>
      </trkpt>
      <trkpt lat="59.927866168118484" lon="10.71059016881361">
        <ele>111.269</ele>
        <time>2026-07-26T09:29:20Z</time>
      </trkpt>
      <trkpt lat="59.927904913264491" lon="10.710635121946552">
        <ele>111.478</ele>
        <time>2026-07-26T09:29:21Z</time>
      </trkpt>
      <trkpt lat="59.927946078939442" lon="10.710678843296508">
        <ele>111.747</ele>
        <time>2026-07-26T09:29:22Z</time>
      </trkpt>
      <trkpt lat="59.92798790378594" lon="10.710721389648073">
        <ele>112.018</ele>
        <time>2026-07-26T09:29:23Z</time>
      </trkpt>
      <trkpt lat="59.928029484432074" lon="10.71076342847774">
        <ele>112.298</ele>
        <time>2026-07-26T09:29:24Z</time>
      </trkpt>
      <trkpt lat="59.92807072731803" lon="10.710804711471006">
        <ele>112.538</ele>
        <time>2026-07-26T09:29:25Z</time>
      </trkpt>
      <trkpt lat="59.928110965038741" lon="10.71084588204393">
        <ele>112.79</ele>
        <time>2026-07-26T09:29:26Z</time>
      </trkpt>
      <trkpt lat="59.92815120830091" lon="10.710889025348838">
        <ele>113.009</ele>
        <time>2026-07-26T09:29:27Z</time>
      </trkpt>
      <trkpt lat="59.928190754025238" lon="10.710933772612728">
        <ele>113.195</ele>
        <time>2026-07-26T09:29:28Z</time>
      </trkpt>
      <trkpt lat="59.928229330055636" lon="10.710979256731109">
        <ele>113.383</ele>
        <time>2026-07-26T09:29:29Z</time>
      </trkpt>
      <trkpt lat="59.928266181110224" lon="10.711025387580372">
        <ele>113.618</ele>
        <time>2026-07-26T09:29:30Z</time>
      </trkpt>
      <trkpt lat="59.928300136057295" lon="10.711073109004818">
        <ele>113.793</ele>
        <time>2026-07-26T09:29:31Z</time>
      </trkpt>
      <trkpt lat="59.928331983742872" lon="10.711121458244632">
        <ele>113.946</ele>
        <time>2026-07-26T09:29:32Z</time>
      </trkpt>
      <trkpt lat="59.928362929305344" lon="10.711169791165105">
        <ele>114.105</ele>
        <time>2026-07-26T09:29:33Z</time>
      </trkpt>
      <trkpt lat="59.928393718545372" lon="10.711218400320112">
        <ele>114.278</ele>
        <time>2026-07-26T09:29:34Z</time>
      </trkpt>
      <trkpt lat="59.928423831697174" lon="10.711266948020121">
        <ele>114.461</ele>
        <time>2026-07-26T09:29:35Z</time>
      </trkpt>
      <trkpt lat="59.928454159629894" lon="10.711314394547085">
        <ele>114.629</ele>
        <time>2026-07-26T09:29:36Z</time>
      </trkpt>
      <trkpt lat="59.928485302387678" lon="10.711362007085782">
        <ele>114.794</ele>
        <time>2026-07-26T09:29:37Z</time>
      </trkpt>
      <trkpt lat="59.928517335287601" lon="10.711410461283968">
        <ele>114.888</ele>
        <time>2026-07-26T09:29:38Z</time>
      </trkpt>
      <trkpt lat="59.928550108731471" lon="10.711460564238189">
        <ele>114.962</ele>
        <time>2026-07-26T09:29:39Z</time>
      </trkpt>
      <trkpt lat="59.928582295377446" lon="10.711508894653242">
        <ele>114.99</ele>
        <time>2026-07-26T09:29:40Z</time>
      </trkpt>
      <trkpt lat="59.928615395147496" lon="10.711559473968777">
        <ele>114.955</ele>
        <time>2026-07-26T09:29:41Z</time>
      </trkpt>
      <trkpt lat="59.928648630758275" lon="10.711608760436484">
        <ele>114.875</ele>
        <time>2026-07-26T09:29:42Z</time>
      </trkpt>
      <trkpt lat="59.928680752177762" lon="10.711656869932073">
        <ele>114.822</ele>
        <time>2026-07-26T09:29:43Z</time>
      </trkpt>
      <trkpt lat="59.928710482151942" lon="10.711704218753701">
        <ele>114.725</ele>
        <time>2026-07-26T09:29:44Z</time>
      </trkpt>
      <trkpt lat="59.928739453910929" lon="10.711746252374857">
        <ele>114.681</ele>
        <time>2026-07-26T09:29:45Z</time>
      </trkpt>
      <trkpt lat="59.928768361449464" lon="10.711788524964204">
        <ele>114.684</ele>
        <time>2026-07-26T09:29:46Z</time>
      </trkpt>
      <trkpt lat="59.928797545434463" lon="10.711832687211228">
        <ele>114.681</ele>
        <time>2026-07-26T09:29:47Z</time>
      </trkpt>
      <trkpt lat="59.928826707441502" lon="10.711878068444152">
        <ele>114.694</ele>
        <time>2026-07-26T09:29:48Z</time>
      </trkpt>
      <trkpt lat="59.9288549450769" lon="10.711925659805384">
        <ele>114.786</ele>
        <time>2026-07-26T09:29:49Z</time>
      </trkpt>
      <trkpt lat="59.928881382479034" lon="10.711973891858198">
        <ele>114.865</ele>
        <time>2026-07-26T09:29:50Z</time>
      </trkpt>
      <trkpt lat="59.928907313318454" lon="10.712023284070936">
        <ele>114.968</ele>
        <time>2026-07-26T09:29:51Z</time>
      </trkpt>
      <trkpt lat="59.928932665476978" lon="10.712072965288518">
        <ele>115.033</ele>
        <time>2026-07-26T09:29:52Z</time>
      </trkpt>
      <trkpt lat="59.928956721810479" lon="10.712119211185048">
        <ele>115.117</ele>
        <time>2026-07-26T09:29:53Z</time>
      </trkpt>
      <trkpt lat="59.928975200350287" lon="10.712167897428895">
        <ele>115.223</ele>
        <time>2026-07-26T09:29:54Z</time>
      </trkpt>
      <trkpt lat="59.928992399339506" lon="10.712222004396939">
        <ele>115.303</ele>
        <time>2026-07-26T09:29:55Z</time>
      </trkpt>
      <trkpt lat="59.929012038303306" lon="10.712277329763523">
        <ele>115.432</ele>
        <time>2026-07-26T09:29:56Z</time>
      </trkpt>
      <trkpt lat="59.92903458734699" lon="10.712334593836315">
        <ele>115.521</ele>
        <time>2026-07-26T09:29:57Z</time>
      </trkpt>
      <trkpt lat="59.929059575314078" lon="10.712395776268091">
        <ele>115.601</ele>
        <time>2026-07-26T09:29:58Z</time>
      </trkpt>
      <trkpt lat="59.929087702207759" lon="10.712457535605374">
        <ele>115.63</ele>
        <time>2026-07-26T09:29:59Z</time>
      </trkpt>
      <trkpt lat="59.929117634346206" lon="10.712516790821262">
        <ele>115.689</ele>
        <time>2026-07-26T09:30:00Z</time>
      </trkpt>
      <trkpt lat="59.929148821049509" lon="10.712573864021996">
        <ele>115.713</ele>
        <time>2026-07-26T09:30:01Z</time>
      </trkpt>
      <trkpt lat="59.929179222633998" lon="10.712630461786549">
        <ele>115.724</ele>
        <time>2026-07-26T09:30:02Z</time>
      </trkpt>
      <trkpt lat="59.929208375712726" lon="10.712685880485703">
        <ele>115.756</ele>
        <time>2026-07-26T09:30:03Z</time>
      </trkpt>
      <trkpt lat="59.929237279749316" lon="10.712739724643232">
        <ele>115.777</ele>
        <time>2026-07-26T09:30:04Z</time>
      </trkpt>
      <trkpt lat="59.92926648030334" lon="10.712789739982449">
        <ele>115.83</ele>
        <time>2026-07-26T09:30:05Z</time>
      </trkpt>
      <trkpt lat="59.929296718356454" lon="10.712837164291939">
        <ele>115.861</ele>
        <time>2026-07-26T09:30:06Z</time>
      </trkpt>
      <trkpt lat="59.929326550465554" lon="10.712880943573941">
        <ele>115.957</ele>
        <time>2026-07-26T09:30:07Z</time>
      </trkpt>
      <trkpt lat="59.929354745700415" lon="10.712924431217141">
        <ele>116.014</ele>
        <time>2026-07-26T09:30:08Z</time>
      </trkpt>
      <trkpt lat="59.929382223588391" lon="10.712967322513146">
        <ele>116.047</ele>
        <time>2026-07-26T09:30:09Z</time>
      </trkpt>
      <trkpt lat="59.92940709207263" lon="10.713009137254287">
        <ele>116.034</ele>
        <time>2026-07-26T09:30:10Z</time>
      </trkpt>
      <trkpt lat="59.929428860080002" lon="10.713046773480823">
        <ele>115.899</ele>
        <time>2026-07-26T09:30:11Z</time>
      </trkpt>
      <trkpt lat="59.929448480864636" lon="10.713077510349137">
        <ele>115.775</ele>
        <time>2026-07-26T09:30:12Z</time>
      </trkpt>
      <trkpt lat="59.929466697596546" lon="10.713091760283497">
        <ele>115.661</ele>
        <time>2026-07-26T09:30:13Z</time>
      </trkpt>
      <trkpt lat="59.92948424558891" lon="10.71309135583609">
        <ele>115.652</ele>
        <time>2026-07-26T09:30:14Z</time>
      </trkpt>
      <trkpt lat="59.929492333055016" lon="10.713072359584555">
        <ele>115.581</ele>
        <time>2026-07-26T09:30:15Z</time>
      </trkpt>
      <trkpt lat="59.929491787158994" lon="10.713039665036819">
        <ele>115.49</ele>
        <time>2026-07-26T09:30:16Z</time>
      </trkpt>
      <trkpt lat="59.929479969756045" lon="10.712997649826656">
        <ele>115.436</ele>
        <time>2026-07-26T09:30:17Z</time>
      </trkpt>
      <trkpt lat="59.929459397354485" lon="10.712947542701972">
        <ele>115.468</ele>
        <time>2026-07-26T09:30:18Z</time>
      </trkpt>
      <trkpt lat="59.92943093507445" lon="10.712892695785584">
        <ele>115.536</ele>
        <time>2026-07-26T09:30:19Z</time>
      </trkpt>
      <trkpt lat="59.929395740601485" lon="10.712833618404426">
        <ele>115.599</ele>
        <time>2026-07-26T09:30:20Z</time>
      </trkpt>
      <trkpt lat="59.929355322259248" lon="10.712771933198656">
        <ele>115.665</ele>
        <time>2026-07-26T09:30:21Z</time>
      </trkpt>
      <trkpt lat="59.929313021404404" lon="10.71270988540673">
        <ele>115.768</ele>
        <time>2026-07-26T09:30:22Z</time>
      </trkpt>
      <trkpt lat="59.929270239175366" lon="10.712647808921435">
        <ele>115.849</ele>
        <time>2026-07-26T09:30:23Z</time>
      </trkpt>
      <trkpt lat="59.92922710958387" lon="10.712578254545591">
        <ele>115.885</ele>
        <time>2026-07-26T09:30:24Z</time>
      </trkpt>
      <trkpt lat="59.929181902480046" lon="10.712503286091099">
        <ele>115.913</ele>
        <time>2026-07-26T09:30:25Z</time>
      </trkpt>
      <trkpt lat="59.929133956870075" lon="10.712423142944619">
        <ele>115.922</ele>
        <time>2026-07-26T09:30:26Z</time>
      </trkpt>
      <trkpt lat="59.92908610530138" lon="10.712339046835774">
        <ele>115.913</ele>
        <time>2026-07-26T09:30:27Z</time>
      </trkpt>
      <trkpt lat="59.929039126514759" lon="10.712252664957472">
        <ele>115.871</ele>
        <time>2026-07-26T09:30:28Z</time>
      </trkpt>
      <trkpt lat="59.928993341967832" lon="10.712165105417895">
        <ele>115.843</ele>
        <time>2026-07-26T09:30:29Z</time>
      </trkpt>
      <trkpt lat="59.928951176800467" lon="10.712076050048708">
        <ele>115.822</ele>
        <time>2026-07-26T09:30:30Z</time>
      </trkpt>
      <trkpt lat="59.928913357886017" lon="10.71198947513116">
        <ele>115.831</ele>
        <time>2026-07-26T09:30:31Z</time>
      </trkpt>
      <trkpt lat="59.928880533544515" lon="10.711909550307817">
        <ele>115.775</ele>
        <time>2026-07-26T09:30:32Z</time>
      </trkpt>
      <trkpt lat="59.928851180807207" lon="10.711837689394841">
        <ele>115.708</ele>
        <time>2026-07-26T09:30:33Z</time>
      </trkpt>
      <trkpt lat="59.928822059646272" lon="10.711770008022603">
        <ele>115.691</ele>
        <time>2026-07-26T09:30:34Z</time>
      </trkpt>
      <trkpt lat="59.928793353184737" lon="10.711703083579907">
        <ele>115.704</ele>
        <time>2026-07-26T09:30:35Z</time>
      </trkpt>
      <trkpt lat="59.92876627436425" lon="10.711636078222481">
        <ele>115.672</ele>
        <time>2026-07-26T09:30:36Z</time>
      </trkpt>
      <trkpt lat="59.928738721705628" lon="10.711570957942349">
        <ele>115.632</ele>
        <time>2026-07-26T09:30:37Z</time>
      </trkpt>
      <trkpt lat="59.92871329249607" lon="10.711505250897988">
        <ele>115.603</ele>
        <time>2026-07-26T09:30:38Z</time>
      </trkpt>
      <trkpt lat="59.928685791045567" lon="10.711440655836862">
        <ele>115.606</ele>
        <time>2026-07-26T09:30:39Z</time>
      </trkpt>
      <trkpt lat="59.928656071878187" lon="10.711376110520261">
        <ele>115.596</ele>
        <time>2026-07-26T09:30:40Z</time>
      </trkpt>
      <trkpt lat="59.928624408105136" lon="10.711312986053994">
        <ele>115.575</ele>
        <time>2026-07-26T09:30:41Z</time>
      </trkpt>
      <trkpt lat="59.928591146006994" lon="10.71125488666215">
        <ele>115.522</ele>
        <time>2026-07-26T09:30:42Z</time>
      </trkpt>
      <trkpt lat="59.928559741367977" lon="10.711206294832694">
        <ele>115.463</ele>
        <time>2026-07-26T09:30:43Z</time>
      </trkpt>
      <trkpt lat="59.928529053584086" lon="10.71116459398014">
        <ele>115.448</ele>
        <time>2026-07-26T09:30:44Z</time>
      </trkpt>
      <trkpt lat="59.928498767584585" lon="10.71112704637939">
        <ele>115.356</ele>
        <time>2026-07-26T09:30:45Z</time>
      </trkpt>
      <trkpt lat="59.928467442477832" lon="10.711084447017409">
        <ele>115.163</ele>
        <time>2026-07-26T09:30:46Z</time>
      </trkpt>
      <trkpt lat="59.928435854743491" lon="10.711038982711289">
        <ele>114.904</ele>
        <time>2026-07-26T09:30:47Z</time>
      </trkpt>
      <trkpt lat="59.928403579167579" lon="10.710989384515932">
        <ele>114.602</ele>
        <time>2026-07-26T09:30:48Z</time>
      </trkpt>
      <trkpt lat="59.928371171234836" lon="10.710937273525097">
        <ele>114.227</ele>
        <time>2026-07-26T09:30:49Z</time>
      </trkpt>
      <trkpt lat="59.928339829601903" lon="10.710883068793768">
        <ele>113.838</ele>
        <time>2026-07-26T09:30:50Z</time>
      </trkpt>
      <trkpt lat="59.928307923756293" lon="10.710826043677416">
        <ele>113.507</ele>
        <time>2026-07-26T09:30:51Z</time>
      </trkpt>
      <trkpt lat="59.92827571173958" lon="10.710767968281413">
        <ele>113.212</ele>
        <time>2026-07-26T09:30:52Z</time>
      </trkpt>
      <trkpt lat="59.928243470491978" lon="10.710708942511447">
        <ele>112.955</ele>
        <time>2026-07-26T09:30:53Z</time>
      </trkpt>
      <trkpt lat="59.92820978677868" lon="10.710649240958588">
        <ele>112.767</ele>
        <time>2026-07-26T09:30:54Z</time>
      </trkpt>
      <trkpt lat="59.928175033872428" lon="10.710588442442056">
        <ele>112.63</ele>
        <time>2026-07-26T09:30:55Z</time>
      </trkpt>
      <trkpt lat="59.928139786104886" lon="10.710525896438327">
        <ele>112.54</ele>
        <time>2026-07-26T09:30:56Z</time>
      </trkpt>
      <trkpt lat="59.928103934716617" lon="10.710462820964393">
        <ele>112.504</ele>
        <time>2026-07-26T09:30:57Z</time>
      </trkpt>
      <trkpt lat="59.928067245870075" lon="10.710399328164257">
        <ele>112.504</ele>
        <time>2026-07-26T09:30:58Z</time>
      </trkpt>
      <trkpt lat="59.928029806864679" lon="10.710336358718791">
        <ele>112.442</ele>
        <time>2026-07-26T09:30:59Z</time>
      </trkpt>
      <trkpt lat="59.927992023069827" lon="10.710273594251248">
        <ele>112.5</ele>
        <time>2026-07-26T09:31:00Z</time>
      </trkpt>
      <trkpt lat="59.927953176995693" lon="10.710214313202405">
        <ele>112.539</ele>
        <time>2026-07-26T09:31:01Z</time>
      </trkpt>
      <trkpt lat="59.927915344910296" lon="10.710159030959542">
        <ele>112.554</ele>
        <time>2026-07-26T09:31:02Z</time>
      </trkpt>
      <trkpt lat="59.927877954744858" lon="10.710111070017152">
        <ele>112.564</ele>
        <time>2026-07-26T09:31:03Z</time>
      </trkpt>
      <trkpt lat="59.927841960052817" lon="10.710069896148912">
        <ele>112.561</ele>
        <time>2026-07-26T09:31:04Z</time>
      </trkpt>
      <trkpt lat="59.927809196694675" lon="10.710035260011978">
        <ele>112.591</ele>
        <time>2026-07-26T09:31:05Z</time>
      </trkpt>
      <trkpt lat="59.927778547702417" lon="10.710008772495094">
        <ele>112.643</ele>
        <time>2026-07-26T09:31:06Z</time>
      </trkpt>
      <trkpt lat="59.927750213069004" lon="10.709990898422079">
        <ele>112.685</ele>
        <time>2026-07-26T09:31:07Z</time>
      </trkpt>
      <trkpt lat="59.927722711444943" lon="10.709981796965723">
        <ele>112.711</ele>
        <time>2026-07-26T09:31:08Z</time>
      </trkpt>
      <trkpt lat="59.927692594966764" lon="10.709989043201306">
        <ele>112.737</ele>
        <time>2026-07-26T09:31:09Z</time>
      </trkpt>
      <trkpt lat="59.927659990347372" lon="10.710014641446895">
        <ele>112.682</ele>
        <time>2026-07-26T09:31:10Z</time>
      </trkpt>
      <trkpt lat="59.927626164001225" lon="10.710057982618245">
        <ele>112.545</ele>
        <time>2026-07-26T09:31:11Z</time>
      </trkpt>
      <trkpt lat="59.927591614155688" lon="10.710117799275151">
        <ele>112.425</ele>
        <time>2026-07-26T09:31:12Z</time>
      </trkpt>
      <trkpt lat="59.927557292615077" lon="10.710193293241046">
        <ele>112.243</ele>
        <time>2026-07-26T09:31:13Z</time>
      </trkpt>
      <trkpt lat="59.92752306888773" lon="10.710281367936606">
        <ele>111.996</ele>
        <time>2026-07-26T09:31:14Z</time>
      </trkpt>
      <trkpt lat="59.927488276025656" lon="10.710381346679965">
        <ele>111.734</ele>
        <time>2026-07-26T09:31:15Z</time>
      </trkpt>
      <trkpt lat="59.927453263600903" lon="10.7104888906597">
        <ele>111.417</ele>
        <time>2026-07-26T09:31:16Z</time>
      </trkpt>
      <trkpt lat="59.927418305080764" lon="10.710601538312906">
        <ele>111.09</ele>
        <time>2026-07-26T09:31:17Z</time>
      </trkpt>
      <trkpt lat="59.927383740443659" lon="10.71071695421254">
        <ele>110.793</ele>
        <time>2026-07-26T09:31:18Z</time>
      </trkpt>
      <trkpt lat="59.927350463879549" lon="10.710830249340569">
        <ele>110.504</ele>
        <time>2026-07-26T09:31:19Z</time>
      </trkpt>
      <trkpt lat="59.92731835334336" lon="10.710939974087813">
        <ele>110.203</ele>
        <time>2026-07-26T09:31:20Z</time>
      </trkpt>
      <trkpt lat="59.927287987393264" lon="10.711044496747954">
        <ele>109.96</ele>
        <time>2026-07-26T09:31:21Z</time>
      </trkpt>
      <trkpt lat="59.927258832353452" lon="10.711145536387578">
        <ele>109.757</ele>
        <time>2026-07-26T09:31:22Z</time>
      </trkpt>
      <trkpt lat="59.927229756183515" lon="10.711243454815902">
        <ele>109.554</ele>
        <time>2026-07-26T09:31:23Z</time>
      </trkpt>
      <trkpt lat="59.927201578279487" lon="10.711337427763143">
        <ele>109.398</ele>
        <time>2026-07-26T09:31:24Z</time>
      </trkpt>
      <trkpt lat="59.927173872966478" lon="10.711428829480301">
        <ele>109.31</ele>
        <time>2026-07-26T09:31:25Z</time>
      </trkpt>
      <trkpt lat="59.927146539296707" lon="10.711517300028474">
        <ele>109.247</ele>
        <time>2026-07-26T09:31:26Z</time>
      </trkpt>
      <trkpt lat="59.927120419524591" lon="10.711602856484308">
        <ele>109.248</ele>
        <time>2026-07-26T09:31:27Z</time>
      </trkpt>
      <trkpt lat="59.927095616893801" lon="10.711684001182185">
        <ele>109.251</ele>
        <time>2026-07-26T09:31:28Z</time>
      </trkpt>
      <trkpt lat="59.927071868564632" lon="10.711759398437055">
        <ele>109.291</ele>
        <time>2026-07-26T09:31:29Z</time>
      </trkpt>
      <trkpt lat="59.927050571310566" lon="10.711829506929977">
        <ele>109.315</ele>
        <time>2026-07-26T09:31:30Z</time>
      </trkpt>
      <trkpt lat="59.92703035290765" lon="10.711894112611777">
        <ele>109.338</ele>
        <time>2026-07-26T09:31:31Z</time>
      </trkpt>
      <trkpt lat="59.927010884887892" lon="10.711954139016285">
        <ele>109.399</ele>
        <time>2026-07-26T09:31:32Z</time>
      </trkpt>
      <trkpt lat="59.926992039704096" lon="10.712008697453133">
        <ele>109.466</ele>
        <time>2026-07-26T09:31:33Z</time>
      </trkpt>
      <trkpt lat="59.926974261483863" lon="10.712058260176148">
        <ele>109.515</ele>
        <time>2026-07-26T09:31:34Z</time>
      </trkpt>
      <trkpt lat="59.926957991204866" lon="10.712104359604352">
        <ele>109.575</ele>
        <time>2026-07-26T09:31:35Z</time>
      </trkpt>
      <trkpt lat="59.926943720068671" lon="10.712143291596957">
        <ele>109.696</ele>
        <time>2026-07-26T09:31:36Z</time>
      </trkpt>
      <trkpt lat="59.92693315446823" lon="10.712172946078383">
        <ele>109.817</ele>
        <time>2026-07-26T09:31:37Z</time>
      </trkpt>
      <trkpt lat="59.926930185814015" lon="10.712201362858583">
        <ele>109.996</ele>
        <time>2026-07-26T09:32:15Z</time>
      </trkpt>
      <trkpt lat="59.926928471086939" lon="10.712223052742612">
        <ele>110.162</ele>
        <time>2026-07-26T09:32:16Z</time>
      </trkpt>
      <trkpt lat="59.926926811085757" lon="10.712241379348631">
        <ele>110.301</ele>
        <time>2026-07-26T09:32:17Z</time>
      </trkpt>
      <trkpt lat="59.926925077451038" lon="10.712258797843447">
        <ele>110.46</ele>
        <time>2026-07-26T09:32:18Z</time>
      </trkpt>
      <trkpt lat="59.926923366942532" lon="10.712274716551809">
        <ele>110.582</ele>
        <time>2026-07-26T09:32:19Z</time>
      </trkpt>
      <trkpt lat="59.92692210813037" lon="10.712288084142273">
        <ele>110.683</ele>
        <time>2026-07-26T09:32:20Z</time>
      </trkpt>
      <trkpt lat="59.926919897817456" lon="10.712298778913324">
        <ele>110.799</ele>
        <time>2026-07-26T09:32:22Z</time>
      </trkpt>
      <trkpt lat="59.926915249904837" lon="10.71231225881164">
        <ele>110.894</ele>
        <time>2026-07-26T09:32:24Z</time>
      </trkpt>
      <trkpt lat="59.926910215536473" lon="10.712326294220125">
        <ele>110.915</ele>
        <time>2026-07-26T09:32:25Z</time>
      </trkpt>
      <trkpt lat="59.926908245158039" lon="10.712350429643148">
        <ele>110.93</ele>
        <time>2026-07-26T09:32:26Z</time>
      </trkpt>
      <trkpt lat="59.926912910232282" lon="10.712383492352757">
        <ele>110.991</ele>
        <time>2026-07-26T09:32:27Z</time>
      </trkpt>
      <trkpt lat="59.926924395653401" lon="10.712426752535395">
        <ele>111.018</ele>
        <time>2026-07-26T09:32:28Z</time>
      </trkpt>
      <trkpt lat="59.926943484568184" lon="10.712477110180675">
        <ele>111.064</ele>
        <time>2026-07-26T09:32:29Z</time>
      </trkpt>
      <trkpt lat="59.926969854817429" lon="10.712531648492174">
        <ele>111.177</ele>
        <time>2026-07-26T09:32:30Z</time>
      </trkpt>
      <trkpt lat="59.92700261240023" lon="10.712589370617088">
        <ele>111.306</ele>
        <time>2026-07-26T09:32:31Z</time>
      </trkpt>
      <trkpt lat="59.927039853454488" lon="10.712648982372361">
        <ele>111.475</ele>
        <time>2026-07-26T09:32:32Z</time>
      </trkpt>
      <trkpt lat="59.927078811446471" lon="10.712707965391203">
        <ele>111.571</ele>
        <time>2026-07-26T09:32:33Z</time>
      </trkpt>
      <trkpt lat="59.927118401749759" lon="10.712763762480874">
        <ele>111.7</ele>
        <time>2026-07-26T09:32:34Z</time>
      </trkpt>
      <trkpt lat="59.927158055802202" lon="10.71281587054604">
        <ele>111.829</ele>
        <time>2026-07-26T09:32:35Z</time>
      </trkpt>
      <trkpt lat="59.927197826383527" lon="10.71286632513343">
        <ele>111.962</ele>
        <time>2026-07-26T09:32:36Z</time>
      </trkpt>
      <trkpt lat="59.927238244939844" lon="10.712916216170955">
        <ele>112.1</ele>
        <time>2026-07-26T09:32:37Z</time>
      </trkpt>
      <trkpt lat="59.927279679026903" lon="10.712967301946756">
        <ele>112.235</ele>
        <time>2026-07-26T09:32:38Z</time>
      </trkpt>
      <trkpt lat="59.927321764611065" lon="10.713019470699157">
        <ele>112.368</ele>
        <time>2026-07-26T09:32:39Z</time>
      </trkpt>
      <trkpt lat="59.927363962144106" lon="10.713073882316877">
        <ele>112.51</ele>
        <time>2026-07-26T09:32:40Z</time>
      </trkpt>
      <trkpt lat="59.927406192147799" lon="10.713129574995206">
        <ele>112.657</ele>
        <time>2026-07-26T09:32:41Z</time>
      </trkpt>
      <trkpt lat="59.927448033915255" lon="10.713186241780171">
        <ele>112.792</ele>
        <time>2026-07-26T09:32:42Z</time>
      </trkpt>
      <trkpt lat="59.927488432107964" lon="10.713242195313649">
        <ele>112.927</ele>
        <time>2026-07-26T09:32:43Z</time>
      </trkpt>
      <trkpt lat="59.927527472172017" lon="10.713296627096598">
        <ele>113.044</ele>
        <time>2026-07-26T09:32:44Z</time>
      </trkpt>
      <trkpt lat="59.927564994060077" lon="10.71334864630392">
        <ele>113.182</ele>
        <time>2026-07-26T09:32:45Z</time>
      </trkpt>
      <trkpt lat="59.927601690656346" lon="10.713397276912691">
        <ele>113.258</ele>
        <time>2026-07-26T09:32:46Z</time>
      </trkpt>
      <trkpt lat="59.927638658947807" lon="10.713444366858679">
        <ele>113.341</ele>
        <time>2026-07-26T09:32:47Z</time>
      </trkpt>
      <trkpt lat="59.927675783734948" lon="10.713490711274932">
        <ele>113.428</ele>
        <time>2026-07-26T09:32:48Z</time>
      </trkpt>
      <trkpt lat="59.927712955709204" lon="10.713536803504358">
        <ele>113.514</ele>
        <time>2026-07-26T09:32:49Z</time>
      </trkpt>
      <trkpt lat="59.927750687406316" lon="10.713582978513944">
        <ele>113.609</ele>
        <time>2026-07-26T09:32:50Z</time>
      </trkpt>
      <trkpt lat="59.927789401825059" lon="10.713631733375703">
        <ele>113.72</ele>
        <time>2026-07-26T09:32:51Z</time>
      </trkpt>
      <trkpt lat="59.927828778032371" lon="10.713685129790239">
        <ele>113.852</ele>
        <time>2026-07-26T09:32:52Z</time>
      </trkpt>
      <trkpt lat="59.927868990639155" lon="10.713742450475658">
        <ele>113.988</ele>
        <time>2026-07-26T09:32:53Z</time>
      </trkpt>
      <trkpt lat="59.927909917219836" lon="10.713801898122997">
        <ele>114.119</ele>
        <time>2026-07-26T09:32:54Z</time>
      </trkpt>
      <trkpt lat="59.927951352718146" lon="10.713862355271191">
        <ele>114.262</ele>
        <time>2026-07-26T09:32:55Z</time>
      </trkpt>
      <trkpt lat="59.927992644471729" lon="10.713924681447105">
        <ele>114.395</ele>
        <time>2026-07-26T09:32:56Z</time>
      </trkpt>
      <trkpt lat="59.928033889341535" lon="10.713989392466363">
        <ele>114.443</ele>
        <time>2026-07-26T09:32:57Z</time>
      </trkpt>
      <trkpt lat="59.928075081103351" lon="10.714055160801969">
        <ele>114.521</ele>
        <time>2026-07-26T09:32:58Z</time>
      </trkpt>
      <trkpt lat="59.928116305556379" lon="10.714121532655588">
        <ele>114.583</ele>
        <time>2026-07-26T09:32:59Z</time>
      </trkpt>
      <trkpt lat="59.928157295129509" lon="10.714187968997697">
        <ele>114.669</ele>
        <time>2026-07-26T09:33:00Z</time>
      </trkpt>
      <trkpt lat="59.928197899443454" lon="10.714254995335322">
        <ele>114.777</ele>
        <time>2026-07-26T09:33:01Z</time>
      </trkpt>
      <trkpt lat="59.928238398723046" lon="10.714321954181207">
        <ele>115.044</ele>
        <time>2026-07-26T09:33:02Z</time>
      </trkpt>
      <trkpt lat="59.928277932568228" lon="10.714386439858668">
        <ele>115.302</ele>
        <time>2026-07-26T09:33:03Z</time>
      </trkpt>
      <trkpt lat="59.928315833015652" lon="10.714448857851718">
        <ele>115.557</ele>
        <time>2026-07-26T09:33:04Z</time>
      </trkpt>
      <trkpt lat="59.928352611832338" lon="10.714509863330221">
        <ele>115.778</ele>
        <time>2026-07-26T09:33:05Z</time>
      </trkpt>
      <trkpt lat="59.928388307922511" lon="10.714570174339272">
        <ele>115.932</ele>
        <time>2026-07-26T09:33:06Z</time>
      </trkpt>
      <trkpt lat="59.928422906895157" lon="10.714628282615557">
        <ele>116.079</ele>
        <time>2026-07-26T09:33:07Z</time>
      </trkpt>
      <trkpt lat="59.928455353156089" lon="10.714683562275368">
        <ele>116.227</ele>
        <time>2026-07-26T09:33:08Z</time>
      </trkpt>
      <trkpt lat="59.928486230598132" lon="10.714735572997336">
        <ele>116.38</ele>
        <time>2026-07-26T09:33:09Z</time>
      </trkpt>
      <trkpt lat="59.92851581586374" lon="10.714784557952386">
        <ele>116.497</ele>
        <time>2026-07-26T09:33:10Z</time>
      </trkpt>
      <trkpt lat="59.928544898184519" lon="10.714830864386258">
        <ele>116.578</ele>
        <time>2026-07-26T09:33:11Z</time>
      </trkpt>
      <trkpt lat="59.928572249826885" lon="10.714874841010291">
        <ele>116.656</ele>
        <time>2026-07-26T09:33:12Z</time>
      </trkpt>
      <trkpt lat="59.928597610039049" lon="10.714914018992538">
        <ele>116.739</ele>
        <time>2026-07-26T09:33:13Z</time>
      </trkpt>
      <trkpt lat="59.928621360393457" lon="10.714948876729936">
        <ele>116.849</ele>
        <time>2026-07-26T09:33:14Z</time>
      </trkpt>
      <trkpt lat="59.928641864125524" lon="10.714978838382988">
        <ele>116.991</ele>
        <time>2026-07-26T09:33:15Z</time>
      </trkpt>
      <trkpt lat="59.928659985270002" lon="10.71500630674093">
        <ele>117.116</ele>
        <time>2026-07-26T09:33:16Z</time>
      </trkpt>
      <trkpt lat="59.928674134179658" lon="10.71502897363907">
        <ele>117.185</ele>
        <time>2026-07-26T09:33:17Z</time>
      </trkpt>
      <trkpt lat="59.928675763295907" lon="10.715051898141173">
        <ele>116.871</ele>
        <time>2026-07-26T09:33:26Z</time>
      </trkpt>
      <trkpt lat="59.928676432250569" lon="10.71507036168726">
        <ele>116.589</ele>
        <time>2026-07-26T09:33:27Z</time>
      </trkpt>
      <trkpt lat="59.928678877724323" lon="10.715090148976444">
        <ele>116.318</ele>
        <time>2026-07-26T09:33:28Z</time>
      </trkpt>
      <trkpt lat="59.928684528055783" lon="10.715112793474805">
        <ele>116.088</ele>
        <time>2026-07-26T09:33:29Z</time>
      </trkpt>
      <trkpt lat="59.928694730916952" lon="10.715138861146412">
        <ele>115.959</ele>
        <time>2026-07-26T09:33:30Z</time>
      </trkpt>
      <trkpt lat="59.928709085289576" lon="10.715172004003719">
        <ele>115.844</ele>
        <time>2026-07-26T09:33:31Z</time>
      </trkpt>
      <trkpt lat="59.928725569328265" lon="10.715211044966754">
        <ele>115.708</ele>
        <time>2026-07-26T09:33:32Z</time>
      </trkpt>
      <trkpt lat="59.928743077375529" lon="10.715253302564712">
        <ele>115.681</ele>
        <time>2026-07-26T09:33:33Z</time>
      </trkpt>
      <trkpt lat="59.928760837458697" lon="10.715296294458549">
        <ele>115.754</ele>
        <time>2026-07-26T09:33:34Z</time>
      </trkpt>
      <trkpt lat="59.928777674383419" lon="10.715336072966899">
        <ele>115.87</ele>
        <time>2026-07-26T09:33:35Z</time>
      </trkpt>
      <trkpt lat="59.928793711344476" lon="10.715372057531638">
        <ele>115.97</ele>
        <time>2026-07-26T09:33:36Z</time>
      </trkpt>
      <trkpt lat="59.928813276420883" lon="10.715400219617194">
        <ele>116.088</ele>
        <time>2026-07-26T09:33:39Z</time>
      </trkpt>
      <trkpt lat="59.928827253285554" lon="10.715411759537426">
        <ele>116.16</ele>
        <time>2026-07-26T09:33:40Z</time>
      </trkpt>
      <trkpt lat="59.928833840491315" lon="10.715405256417379">
        <ele>116.207</ele>
        <time>2026-07-26T09:33:41Z</time>
      </trkpt>
      <trkpt lat="59.928833492507351" lon="10.715383884438353">
        <ele>116.211</ele>
        <time>2026-07-26T09:33:42Z</time>
      </trkpt>
      <trkpt lat="59.928825251619074" lon="10.715348162174688">
        <ele>116.202</ele>
        <time>2026-07-26T09:33:43Z</time>
      </trkpt>
      <trkpt lat="59.928807704472455" lon="10.715307102043587">
        <ele>116.1</ele>
        <time>2026-07-26T09:33:44Z</time>
      </trkpt>
      <trkpt lat="59.928782539552046" lon="10.715262603394741">
        <ele>115.955</ele>
        <time>2026-07-26T09:33:45Z</time>
      </trkpt>
      <trkpt lat="59.928747552815764" lon="10.715226150135324">
        <ele>115.782</ele>
        <time>2026-07-26T09:33:46Z</time>
      </trkpt>
      <trkpt lat="59.928705265974308" lon="10.715199935076788">
        <ele>115.661</ele>
        <time>2026-07-26T09:33:47Z</time>
      </trkpt>
      <trkpt lat="59.928658098792845" lon="10.715184600882905">
        <ele>115.501</ele>
        <time>2026-07-26T09:33:48Z</time>
      </trkpt>
      <trkpt lat="59.928606010350919" lon="10.715178401273112">
        <ele>115.364</ele>
        <time>2026-07-26T09:33:49Z</time>
      </trkpt>
      <trkpt lat="59.928550465036494" lon="10.71517849213474">
        <ele>115.27</ele>
        <time>2026-07-26T09:33:50Z</time>
      </trkpt>
      <trkpt lat="59.928492650393501" lon="10.715186134572937">
        <ele>115.179</ele>
        <time>2026-07-26T09:33:51Z</time>
      </trkpt>
      <trkpt lat="59.928434017948085" lon="10.715201419596655">
        <ele>114.99</ele>
        <time>2026-07-26T09:33:52Z</time>
      </trkpt>
      <trkpt lat="59.928375027047203" lon="10.715222360796824">
        <ele>114.847</ele>
        <time>2026-07-26T09:33:53Z</time>
      </trkpt>
      <trkpt lat="59.928316136086032" lon="10.715245413178176">
        <ele>114.803</ele>
        <time>2026-07-26T09:33:54Z</time>
      </trkpt>
      <trkpt lat="59.928257015696225" lon="10.715271965528897">
        <ele>114.727</ele>
        <time>2026-07-26T09:33:55Z</time>
      </trkpt>
      <trkpt lat="59.928199515062822" lon="10.715299512770063">
        <ele>114.672</ele>
        <time>2026-07-26T09:33:56Z</time>
      </trkpt>
      <trkpt lat="59.928142775642868" lon="10.715329229445524">
        <ele>114.596</ele>
        <time>2026-07-26T09:33:57Z</time>
      </trkpt>
      <trkpt lat="59.928088102707804" lon="10.715359926829596">
        <ele>114.579</ele>
        <time>2026-07-26T09:33:58Z</time>
      </trkpt>
      <trkpt lat="59.928037352259985" lon="10.715389877352957">
        <ele>114.552</ele>
        <time>2026-07-26T09:33:59Z</time>
      </trkpt>
      <trkpt lat="59.927989063171815" lon="10.715418592907142">
        <ele>114.538</ele>
        <time>2026-07-26T09:34:00Z</time>
      </trkpt>
      <trkpt lat="59.927944022691548" lon="10.715446904939375">
        <ele>114.467</ele>
        <time>2026-07-26T09:34:01Z</time>
      </trkpt>
      <trkpt lat="59.927904433151404" lon="10.715473338955039">
        <ele>114.387</ele>
        <time>2026-07-26T09:34:02Z</time>
      </trkpt>
      <trkpt lat="59.927870765242091" lon="10.715496363347778">
        <ele>114.335</ele>
        <time>2026-07-26T09:34:03Z</time>
      </trkpt>
      <trkpt lat="59.927840348920896" lon="10.715516651180419">
        <ele>114.266</ele>
        <time>2026-07-26T09:34:04Z</time>
      </trkpt>
      <trkpt lat="59.927810171767774" lon="10.715534848588785">
        <ele>114.21</ele>
        <time>2026-07-26T09:34:05Z</time>
      </trkpt>
      <trkpt lat="59.927779183167218" lon="10.715553291673247">
        <ele>114.165</ele>
        <time>2026-07-26T09:34:06Z</time>
      </trkpt>
      <trkpt lat="59.927746813215052" lon="10.71557156473351">
        <ele>114.117</ele>
        <time>2026-07-26T09:34:07Z</time>
      </trkpt>
      <trkpt lat="59.927713184652539" lon="10.715590691797308">
        <ele>114.049</ele>
        <time>2026-07-26T09:34:08Z</time>
      </trkpt>
      <trkpt lat="59.927681104513205" lon="10.715608451069999">
        <ele>114.047</ele>
        <time>2026-07-26T09:34:09Z</time>
      </trkpt>
      <trkpt lat="59.927652383912118" lon="10.71562438546029">
        <ele>114.065</ele>
        <time>2026-07-26T09:34:10Z</time>
      </trkpt>
      <trkpt lat="59.92762816848758" lon="10.715636871292197">
        <ele>114.104</ele>
        <time>2026-07-26T09:34:11Z</time>
      </trkpt>
      <trkpt lat="59.927609163243339" lon="10.715646112956769">
        <ele>114.175</ele>
        <time>2026-07-26T09:34:12Z</time>
      </trkpt>
      <trkpt lat="59.92759306819638" lon="10.715653450615191">
        <ele>114.253</ele>
        <time>2026-07-26T09:34:13Z</time>
      </trkpt>
      <trkpt lat="59.927580038394709" lon="10.715657500363248">
        <ele>114.362</ele>
        <time>2026-07-26T09:34:14Z</time>
      </trkpt>
      <trkpt lat="59.927566643581905" lon="10.715660230798761">
        <ele>114.211</ele>
        <time>2026-07-26T09:34:15Z</time>
      </trkpt>
      <trkpt lat="59.927549900102875" lon="10.715663934382532">
        <ele>114.119</ele>
        <time>2026-07-26T09:34:16Z</time>
      </trkpt>
    </trkseg>
  </trk>
</gpx>
