<?xml version="1.0" encoding="UTF-8"?>
<gpx creator="Insta360 Studio" version="1.1" xmlns="http://www.topografix.com/GPX/1/1">
  <metadata>
    <link href="https://www.insta360.com">
      <text>Insta360 GPS Dashboard</text>
    </link>
    <time>2026-07-26T10:44:27Z</time>
    <bounds maxlat="59.928533834147707" maxlon="10.718993460443265" minlat="59.920277918782041" minlon="10.704918165908492"/>
  </metadata>
  <trk>
    <name>Insta360 GPS Data</name>
    <trkseg>
      <trkpt lat="59.927527290927081" lon="10.715650269775162">
        <ele>114.069</ele>
        <time>2026-07-26T09:34:18Z</time>
      </trkpt>
      <trkpt lat="59.927527287445812" lon="10.715650271156063">
        <ele>114.069</ele>
        <time>2026-07-26T09:34:19Z</time>
      </trkpt>
      <trkpt lat="59.927527131272299" lon="10.715650349212755">
        <ele>114.069</ele>
        <time>2026-07-26T09:34:20Z</time>
      </trkpt>
      <trkpt lat="59.927525847023553" lon="10.71565098971076">
        <ele>114.072</ele>
        <time>2026-07-26T09:34:21Z</time>
      </trkpt>
      <trkpt lat="59.927520869333158" lon="10.715653652499844">
        <ele>114.065</ele>
        <time>2026-07-26T09:34:22Z</time>
      </trkpt>
      <trkpt lat="59.927507854766027" lon="10.715660865520681">
        <ele>114.061</ele>
        <time>2026-07-26T09:34:23Z</time>
      </trkpt>
      <trkpt lat="59.927481847509299" lon="10.715675942623609">
        <ele>114.054</ele>
        <time>2026-07-26T09:34:24Z</time>
      </trkpt>
      <trkpt lat="59.927439943572296" lon="10.715702965342841">
        <ele>114.077</ele>
        <time>2026-07-26T09:34:25Z</time>
      </trkpt>
      <trkpt lat="59.927383999477051" lon="10.715742703189573">
        <ele>114.129</ele>
        <time>2026-07-26T09:34:26Z</time>
      </trkpt>
      <trkpt lat="59.927323282984254" lon="10.715800718442683">
        <ele>114.219</ele>
        <time>2026-07-26T09:34:27Z</time>
      </trkpt>
      <trkpt lat="59.927268583086807" lon="10.715875631425076">
        <ele>114.436</ele>
        <time>2026-07-26T09:34:28Z</time>
      </trkpt>
      <trkpt lat="59.927223451655053" lon="10.715965279964545">
        <ele>114.709</ele>
        <time>2026-07-26T09:34:29Z</time>
      </trkpt>
      <trkpt lat="59.927201978983938" lon="10.716067575148037">
        <ele>115.033</ele>
        <time>2026-07-26T09:34:30Z</time>
      </trkpt>
      <trkpt lat="59.927201503666019" lon="10.716176509732936">
        <ele>115.422</ele>
        <time>2026-07-26T09:34:31Z</time>
      </trkpt>
      <trkpt lat="59.927218578869223" lon="10.716285126534252">
        <ele>115.762</ele>
        <time>2026-07-26T09:34:32Z</time>
      </trkpt>
      <trkpt lat="59.927248594434296" lon="10.716391711016978">
        <ele>116.081</ele>
        <time>2026-07-26T09:34:33Z</time>
      </trkpt>
      <trkpt lat="59.92728804974233" lon="10.716494829027589">
        <ele>116.391</ele>
        <time>2026-07-26T09:34:34Z</time>
      </trkpt>
      <trkpt lat="59.927332528343442" lon="10.71659345329147">
        <ele>116.696</ele>
        <time>2026-07-26T09:34:35Z</time>
      </trkpt>
      <trkpt lat="59.927381191337595" lon="10.716688471128018">
        <ele>116.959</ele>
        <time>2026-07-26T09:34:36Z</time>
      </trkpt>
      <trkpt lat="59.927433847236664" lon="10.716778831641518">
        <ele>117.205</ele>
        <time>2026-07-26T09:34:37Z</time>
      </trkpt>
      <trkpt lat="59.927488660073585" lon="10.716864849640066">
        <ele>117.443</ele>
        <time>2026-07-26T09:34:38Z</time>
      </trkpt>
      <trkpt lat="59.927544925846981" lon="10.716946623838702">
        <ele>117.67</ele>
        <time>2026-07-26T09:34:39Z</time>
      </trkpt>
      <trkpt lat="59.927601491111453" lon="10.717024157701946">
        <ele>117.878</ele>
        <time>2026-07-26T09:34:40Z</time>
      </trkpt>
      <trkpt lat="59.927656840747964" lon="10.717098521658139">
        <ele>118.035</ele>
        <time>2026-07-26T09:34:41Z</time>
      </trkpt>
      <trkpt lat="59.927710944868331" lon="10.717169952429304">
        <ele>118.219</ele>
        <time>2026-07-26T09:34:42Z</time>
      </trkpt>
      <trkpt lat="59.927763218499258" lon="10.717239197434974">
        <ele>118.402</ele>
        <time>2026-07-26T09:34:43Z</time>
      </trkpt>
      <trkpt lat="59.927813314865674" lon="10.717307674728945">
        <ele>118.58</ele>
        <time>2026-07-26T09:34:44Z</time>
      </trkpt>
      <trkpt lat="59.927861535660533" lon="10.717376272374002">
        <ele>118.707</ele>
        <time>2026-07-26T09:34:45Z</time>
      </trkpt>
      <trkpt lat="59.927907776593614" lon="10.717444625776563">
        <ele>118.849</ele>
        <time>2026-07-26T09:34:46Z</time>
      </trkpt>
      <trkpt lat="59.927952502015437" lon="10.717511583267903">
        <ele>119.012</ele>
        <time>2026-07-26T09:34:47Z</time>
      </trkpt>
      <trkpt lat="59.927995727723392" lon="10.717578277201945">
        <ele>119.168</ele>
        <time>2026-07-26T09:34:48Z</time>
      </trkpt>
      <trkpt lat="59.928037154281455" lon="10.717644848211535">
        <ele>119.315</ele>
        <time>2026-07-26T09:34:49Z</time>
      </trkpt>
      <trkpt lat="59.928076458329556" lon="10.71770925880206">
        <ele>119.468</ele>
        <time>2026-07-26T09:34:50Z</time>
      </trkpt>
      <trkpt lat="59.928113174818002" lon="10.717770949060522">
        <ele>119.629</ele>
        <time>2026-07-26T09:34:51Z</time>
      </trkpt>
      <trkpt lat="59.928147166604489" lon="10.71783026774847">
        <ele>119.781</ele>
        <time>2026-07-26T09:34:52Z</time>
      </trkpt>
      <trkpt lat="59.928178887808556" lon="10.71788513263443">
        <ele>119.897</ele>
        <time>2026-07-26T09:34:53Z</time>
      </trkpt>
      <trkpt lat="59.928207851385039" lon="10.717932841352674">
        <ele>120.029</ele>
        <time>2026-07-26T09:34:54Z</time>
      </trkpt>
      <trkpt lat="59.92823483789185" lon="10.717969969226539">
        <ele>120.134</ele>
        <time>2026-07-26T09:34:55Z</time>
      </trkpt>
      <trkpt lat="59.928260787790244" lon="10.717991878534562">
        <ele>120.223</ele>
        <time>2026-07-26T09:34:56Z</time>
      </trkpt>
      <trkpt lat="59.928286897397527" lon="10.717993619985622">
        <ele>120.229</ele>
        <time>2026-07-26T09:34:57Z</time>
      </trkpt>
      <trkpt lat="59.928313152899037" lon="10.717975986094423">
        <ele>120.193</ele>
        <time>2026-07-26T09:34:58Z</time>
      </trkpt>
      <trkpt lat="59.928340440941128" lon="10.717937960170962">
        <ele>120.105</ele>
        <time>2026-07-26T09:34:59Z</time>
      </trkpt>
      <trkpt lat="59.928367634259459" lon="10.71787955732054">
        <ele>119.947</ele>
        <time>2026-07-26T09:35:00Z</time>
      </trkpt>
      <trkpt lat="59.928393854687698" lon="10.717802558974826">
        <ele>119.738</ele>
        <time>2026-07-26T09:35:01Z</time>
      </trkpt>
      <trkpt lat="59.928418884277718" lon="10.717710604090353">
        <ele>119.466</ele>
        <time>2026-07-26T09:35:02Z</time>
      </trkpt>
      <trkpt lat="59.928443215503982" lon="10.717609029446388">
        <ele>119.171</ele>
        <time>2026-07-26T09:35:03Z</time>
      </trkpt>
      <trkpt lat="59.928466160601339" lon="10.717501592369947">
        <ele>118.85</ele>
        <time>2026-07-26T09:35:04Z</time>
      </trkpt>
      <trkpt lat="59.928487577572454" lon="10.717391864953166">
        <ele>118.535</ele>
        <time>2026-07-26T09:35:05Z</time>
      </trkpt>
      <trkpt lat="59.928506647560141" lon="10.717282220538804">
        <ele>118.235</ele>
        <time>2026-07-26T09:35:06Z</time>
      </trkpt>
      <trkpt lat="59.928521938334328" lon="10.71717394333638">
        <ele>117.935</ele>
        <time>2026-07-26T09:35:07Z</time>
      </trkpt>
      <trkpt lat="59.928531438684089" lon="10.717067912035926">
        <ele>117.698</ele>
        <time>2026-07-26T09:35:08Z</time>
      </trkpt>
      <trkpt lat="59.928533834147707" lon="10.716964738537923">
        <ele>117.494</ele>
        <time>2026-07-26T09:35:09Z</time>
      </trkpt>
      <trkpt lat="59.928528517173142" lon="10.716864845247475">
        <ele>117.325</ele>
        <time>2026-07-26T09:35:10Z</time>
      </trkpt>
      <trkpt lat="59.928516991735563" lon="10.71676935058721">
        <ele>117.231</ele>
        <time>2026-07-26T09:35:11Z</time>
      </trkpt>
      <trkpt lat="59.928500065461222" lon="10.716677339702056">
        <ele>117.145</ele>
        <time>2026-07-26T09:35:12Z</time>
      </trkpt>
      <trkpt lat="59.92847866201177" lon="10.716587676786055">
        <ele>117.076</ele>
        <time>2026-07-26T09:35:13Z</time>
      </trkpt>
      <trkpt lat="59.928453168028341" lon="10.716497961582686">
        <ele>116.781</ele>
        <time>2026-07-26T09:35:14Z</time>
      </trkpt>
      <trkpt lat="59.928424679158041" lon="10.716410056063319">
        <ele>116.604</ele>
        <time>2026-07-26T09:35:15Z</time>
      </trkpt>
      <trkpt lat="59.928393111096234" lon="10.716322007906538">
        <ele>116.369</ele>
        <time>2026-07-26T09:35:16Z</time>
      </trkpt>
      <trkpt lat="59.928358260737291" lon="10.716232978202475">
        <ele>116.25</ele>
        <time>2026-07-26T09:35:17Z</time>
      </trkpt>
      <trkpt lat="59.928321234565431" lon="10.71614687298929">
        <ele>116.13</ele>
        <time>2026-07-26T09:35:18Z</time>
      </trkpt>
      <trkpt lat="59.92828282490791" lon="10.716061240258572">
        <ele>116.073</ele>
        <time>2026-07-26T09:35:19Z</time>
      </trkpt>
      <trkpt lat="59.928242758307171" lon="10.715974974039556">
        <ele>115.986</ele>
        <time>2026-07-26T09:35:20Z</time>
      </trkpt>
      <trkpt lat="59.928202140134189" lon="10.715892468994522">
        <ele>115.911</ele>
        <time>2026-07-26T09:35:21Z</time>
      </trkpt>
      <trkpt lat="59.928161902932402" lon="10.715816742234082">
        <ele>115.815</ele>
        <time>2026-07-26T09:35:22Z</time>
      </trkpt>
      <trkpt lat="59.928123277175551" lon="10.715746476768208">
        <ele>115.671</ele>
        <time>2026-07-26T09:35:23Z</time>
      </trkpt>
      <trkpt lat="59.928087528924955" lon="10.715680635256156">
        <ele>115.655</ele>
        <time>2026-07-26T09:35:24Z</time>
      </trkpt>
      <trkpt lat="59.928055035292601" lon="10.715617423992784">
        <ele>115.645</ele>
        <time>2026-07-26T09:35:25Z</time>
      </trkpt>
      <trkpt lat="59.928026162695794" lon="10.71555888353889">
        <ele>115.649</ele>
        <time>2026-07-26T09:35:26Z</time>
      </trkpt>
      <trkpt lat="59.928000688386966" lon="10.715504108628506">
        <ele>115.668</ele>
        <time>2026-07-26T09:35:27Z</time>
      </trkpt>
      <trkpt lat="59.927977496070852" lon="10.715454238243407">
        <ele>115.667</ele>
        <time>2026-07-26T09:35:28Z</time>
      </trkpt>
      <trkpt lat="59.927954863899856" lon="10.715405880669314">
        <ele>115.504</ele>
        <time>2026-07-26T09:35:29Z</time>
      </trkpt>
      <trkpt lat="59.927933243608379" lon="10.715358879219142">
        <ele>115.459</ele>
        <time>2026-07-26T09:35:30Z</time>
      </trkpt>
      <trkpt lat="59.927910181054038" lon="10.715314733013619">
        <ele>115.324</ele>
        <time>2026-07-26T09:35:31Z</time>
      </trkpt>
      <trkpt lat="59.92788600002784" lon="10.71527152522888">
        <ele>115.103</ele>
        <time>2026-07-26T09:35:32Z</time>
      </trkpt>
      <trkpt lat="59.927860817312457" lon="10.715232198637747">
        <ele>114.893</ele>
        <time>2026-07-26T09:35:33Z</time>
      </trkpt>
      <trkpt lat="59.927837226578738" lon="10.715197956974624">
        <ele>114.728</ele>
        <time>2026-07-26T09:35:34Z</time>
      </trkpt>
      <trkpt lat="59.927817050502725" lon="10.715171150800744">
        <ele>114.654</ele>
        <time>2026-07-26T09:35:35Z</time>
      </trkpt>
      <trkpt lat="59.927799359285309" lon="10.715150379997928">
        <ele>114.588</ele>
        <time>2026-07-26T09:35:36Z</time>
      </trkpt>
      <trkpt lat="59.927784251500547" lon="10.715135181362488">
        <ele>114.589</ele>
        <time>2026-07-26T09:35:37Z</time>
      </trkpt>
      <trkpt lat="59.927772342881788" lon="10.715124090916419">
        <ele>114.638</ele>
        <time>2026-07-26T09:35:38Z</time>
      </trkpt>
      <trkpt lat="59.927761580294195" lon="10.715110995807304">
        <ele>114.98</ele>
        <time>2026-07-26T09:35:40Z</time>
      </trkpt>
      <trkpt lat="59.927748743553984" lon="10.715092626080473">
        <ele>115.217</ele>
        <time>2026-07-26T09:35:41Z</time>
      </trkpt>
      <trkpt lat="59.92773181122908" lon="10.715065726123084">
        <ele>115.46</ele>
        <time>2026-07-26T09:35:42Z</time>
      </trkpt>
      <trkpt lat="59.927710377752206" lon="10.715032906221175">
        <ele>115.734</ele>
        <time>2026-07-26T09:35:43Z</time>
      </trkpt>
      <trkpt lat="59.927685159765858" lon="10.714995339238914">
        <ele>115.929</ele>
        <time>2026-07-26T09:35:44Z</time>
      </trkpt>
      <trkpt lat="59.927657708205018" lon="10.71495399867117">
        <ele>116.072</ele>
        <time>2026-07-26T09:35:45Z</time>
      </trkpt>
      <trkpt lat="59.927628339386274" lon="10.714906123320951">
        <ele>116.114</ele>
        <time>2026-07-26T09:35:46Z</time>
      </trkpt>
      <trkpt lat="59.927596680287991" lon="10.714852643225662">
        <ele>116.169</ele>
        <time>2026-07-26T09:35:47Z</time>
      </trkpt>
      <trkpt lat="59.927563237130599" lon="10.714796130242092">
        <ele>116.189</ele>
        <time>2026-07-26T09:35:48Z</time>
      </trkpt>
      <trkpt lat="59.927528632103602" lon="10.71473763369473">
        <ele>116.226</ele>
        <time>2026-07-26T09:35:49Z</time>
      </trkpt>
      <trkpt lat="59.927492872044958" lon="10.71468004787228">
        <ele>116.254</ele>
        <time>2026-07-26T09:35:50Z</time>
      </trkpt>
      <trkpt lat="59.927456207019567" lon="10.714622835868386">
        <ele>116.232</ele>
        <time>2026-07-26T09:35:51Z</time>
      </trkpt>
      <trkpt lat="59.927418802061361" lon="10.7145661921261">
        <ele>116.188</ele>
        <time>2026-07-26T09:35:52Z</time>
      </trkpt>
      <trkpt lat="59.92738135272549" lon="10.714510459705087">
        <ele>116.134</ele>
        <time>2026-07-26T09:35:53Z</time>
      </trkpt>
      <trkpt lat="59.927343970144193" lon="10.714456044680238">
        <ele>116.031</ele>
        <time>2026-07-26T09:35:54Z</time>
      </trkpt>
      <trkpt lat="59.927305316632257" lon="10.714403778166503">
        <ele>115.863</ele>
        <time>2026-07-26T09:35:55Z</time>
      </trkpt>
      <trkpt lat="59.927266685544737" lon="10.714355386510034">
        <ele>115.708</ele>
        <time>2026-07-26T09:35:56Z</time>
      </trkpt>
      <trkpt lat="59.927228741083319" lon="10.714311345722349">
        <ele>115.474</ele>
        <time>2026-07-26T09:35:57Z</time>
      </trkpt>
      <trkpt lat="59.927192904210436" lon="10.714269128453635">
        <ele>115.19</ele>
        <time>2026-07-26T09:35:58Z</time>
      </trkpt>
      <trkpt lat="59.927158873234106" lon="10.714229999856448">
        <ele>114.752</ele>
        <time>2026-07-26T09:35:59Z</time>
      </trkpt>
      <trkpt lat="59.927127821606419" lon="10.71419488204122">
        <ele>114.362</ele>
        <time>2026-07-26T09:36:00Z</time>
      </trkpt>
      <trkpt lat="59.927096949425092" lon="10.714161388667494">
        <ele>114.069</ele>
        <time>2026-07-26T09:36:01Z</time>
      </trkpt>
      <trkpt lat="59.927066035112411" lon="10.714130309037937">
        <ele>113.756</ele>
        <time>2026-07-26T09:36:02Z</time>
      </trkpt>
      <trkpt lat="59.927035268776947" lon="10.714100044506866">
        <ele>113.476</ele>
        <time>2026-07-26T09:36:03Z</time>
      </trkpt>
      <trkpt lat="59.927004080167116" lon="10.714067470349539">
        <ele>113.271</ele>
        <time>2026-07-26T09:36:04Z</time>
      </trkpt>
      <trkpt lat="59.926973861218222" lon="10.714029828522358">
        <ele>113.031</ele>
        <time>2026-07-26T09:36:05Z</time>
      </trkpt>
      <trkpt lat="59.926944348843996" lon="10.713989863415428">
        <ele>112.913</ele>
        <time>2026-07-26T09:36:06Z</time>
      </trkpt>
      <trkpt lat="59.926914832773264" lon="10.713946930892407">
        <ele>112.831</ele>
        <time>2026-07-26T09:36:07Z</time>
      </trkpt>
      <trkpt lat="59.926885258755874" lon="10.713900852411031">
        <ele>112.811</ele>
        <time>2026-07-26T09:36:08Z</time>
      </trkpt>
      <trkpt lat="59.926856004492095" lon="10.713852273823438">
        <ele>112.908</ele>
        <time>2026-07-26T09:36:09Z</time>
      </trkpt>
      <trkpt lat="59.926826734511636" lon="10.713802918855208">
        <ele>112.989</ele>
        <time>2026-07-26T09:36:10Z</time>
      </trkpt>
      <trkpt lat="59.926798502946134" lon="10.713755263501181">
        <ele>113.098</ele>
        <time>2026-07-26T09:36:11Z</time>
      </trkpt>
      <trkpt lat="59.926770672037868" lon="10.713709586966287">
        <ele>113.268</ele>
        <time>2026-07-26T09:36:12Z</time>
      </trkpt>
      <trkpt lat="59.92674324179626" lon="10.713665182981281">
        <ele>113.379</ele>
        <time>2026-07-26T09:36:13Z</time>
      </trkpt>
      <trkpt lat="59.92671501544762" lon="10.713620017308514">
        <ele>113.468</ele>
        <time>2026-07-26T09:36:14Z</time>
      </trkpt>
      <trkpt lat="59.926684397291361" lon="10.713572548919645">
        <ele>113.501</ele>
        <time>2026-07-26T09:36:15Z</time>
      </trkpt>
      <trkpt lat="59.926653374901612" lon="10.713521052924346">
        <ele>113.539</ele>
        <time>2026-07-26T09:36:16Z</time>
      </trkpt>
      <trkpt lat="59.926622597983226" lon="10.71346777726642">
        <ele>113.557</ele>
        <time>2026-07-26T09:36:17Z</time>
      </trkpt>
      <trkpt lat="59.926590564627297" lon="10.713424005552216">
        <ele>113.515</ele>
        <time>2026-07-26T09:36:18Z</time>
      </trkpt>
      <trkpt lat="59.926558710732792" lon="10.713388295813921">
        <ele>113.431</ele>
        <time>2026-07-26T09:36:19Z</time>
      </trkpt>
      <trkpt lat="59.926524616919387" lon="10.713370723724404">
        <ele>113.326</ele>
        <time>2026-07-26T09:36:20Z</time>
      </trkpt>
      <trkpt lat="59.92648642480286" lon="10.713382936559288">
        <ele>112.941</ele>
        <time>2026-07-26T09:36:21Z</time>
      </trkpt>
      <trkpt lat="59.926445706352034" lon="10.713419009134745">
        <ele>112.527</ele>
        <time>2026-07-26T09:36:22Z</time>
      </trkpt>
      <trkpt lat="59.9264083491165" lon="10.713477754137118">
        <ele>112.128</ele>
        <time>2026-07-26T09:36:23Z</time>
      </trkpt>
      <trkpt lat="59.926371455538657" lon="10.713548077424349">
        <ele>111.799</ele>
        <time>2026-07-26T09:36:24Z</time>
      </trkpt>
      <trkpt lat="59.926336266106993" lon="10.713625796656714">
        <ele>111.517</ele>
        <time>2026-07-26T09:36:25Z</time>
      </trkpt>
      <trkpt lat="59.926303195131339" lon="10.713708412214244">
        <ele>111.291</ele>
        <time>2026-07-26T09:36:26Z</time>
      </trkpt>
      <trkpt lat="59.926272197598152" lon="10.713794701494923">
        <ele>111.161</ele>
        <time>2026-07-26T09:36:27Z</time>
      </trkpt>
      <trkpt lat="59.926243021891899" lon="10.713883994573715">
        <ele>111.089</ele>
        <time>2026-07-26T09:36:28Z</time>
      </trkpt>
      <trkpt lat="59.926215135588507" lon="10.713976666649588">
        <ele>111.082</ele>
        <time>2026-07-26T09:36:29Z</time>
      </trkpt>
      <trkpt lat="59.926188135619014" lon="10.714071430781777">
        <ele>111.139</ele>
        <time>2026-07-26T09:36:30Z</time>
      </trkpt>
      <trkpt lat="59.926161763907068" lon="10.714167314475626">
        <ele>111.239</ele>
        <time>2026-07-26T09:36:31Z</time>
      </trkpt>
      <trkpt lat="59.926136636050359" lon="10.714262459165631">
        <ele>111.355</ele>
        <time>2026-07-26T09:36:32Z</time>
      </trkpt>
      <trkpt lat="59.926112170254271" lon="10.714353706615068">
        <ele>111.408</ele>
        <time>2026-07-26T09:36:33Z</time>
      </trkpt>
      <trkpt lat="59.926089249712156" lon="10.714441336192211">
        <ele>111.421</ele>
        <time>2026-07-26T09:36:34Z</time>
      </trkpt>
      <trkpt lat="59.926067207101923" lon="10.714525831210533">
        <ele>111.458</ele>
        <time>2026-07-26T09:36:35Z</time>
      </trkpt>
      <trkpt lat="59.926045848630736" lon="10.714605187337741">
        <ele>111.494</ele>
        <time>2026-07-26T09:36:37Z</time>
      </trkpt>
      <trkpt lat="59.926024352160702" lon="10.714675697838265">
        <ele>111.553</ele>
        <time>2026-07-26T09:36:38Z</time>
      </trkpt>
      <trkpt lat="59.92600161502871" lon="10.714733780499891">
        <ele>111.619</ele>
        <time>2026-07-26T09:36:39Z</time>
      </trkpt>
      <trkpt lat="59.925976069893984" lon="10.71477480654495">
        <ele>111.607</ele>
        <time>2026-07-26T09:36:40Z</time>
      </trkpt>
      <trkpt lat="59.925948343369157" lon="10.714796579391104">
        <ele>111.553</ele>
        <time>2026-07-26T09:36:41Z</time>
      </trkpt>
      <trkpt lat="59.925919001440342" lon="10.714799765494673">
        <ele>111.471</ele>
        <time>2026-07-26T09:36:42Z</time>
      </trkpt>
      <trkpt lat="59.925890052215863" lon="10.71479097803639">
        <ele>111.416</ele>
        <time>2026-07-26T09:36:43Z</time>
      </trkpt>
      <trkpt lat="59.925860741692674" lon="10.714771123280235">
        <ele>111.383</ele>
        <time>2026-07-26T09:36:44Z</time>
      </trkpt>
      <trkpt lat="59.925829995153123" lon="10.714741716332991">
        <ele>111.316</ele>
        <time>2026-07-26T09:36:45Z</time>
      </trkpt>
      <trkpt lat="59.925799213305808" lon="10.714707298375773">
        <ele>111.233</ele>
        <time>2026-07-26T09:36:46Z</time>
      </trkpt>
      <trkpt lat="59.925767068951629" lon="10.714668172216589">
        <ele>111.112</ele>
        <time>2026-07-26T09:36:47Z</time>
      </trkpt>
      <trkpt lat="59.925732316963902" lon="10.714620446852939">
        <ele>110.932</ele>
        <time>2026-07-26T09:36:48Z</time>
      </trkpt>
      <trkpt lat="59.925695594023551" lon="10.71456543309643">
        <ele>110.742</ele>
        <time>2026-07-26T09:36:49Z</time>
      </trkpt>
      <trkpt lat="59.9256576890592" lon="10.714506769896666">
        <ele>110.633</ele>
        <time>2026-07-26T09:36:50Z</time>
      </trkpt>
      <trkpt lat="59.92561944279511" lon="10.714447374111343">
        <ele>110.757</ele>
        <time>2026-07-26T09:36:51Z</time>
      </trkpt>
      <trkpt lat="59.925580302326232" lon="10.714386910121672">
        <ele>110.925</ele>
        <time>2026-07-26T09:36:52Z</time>
      </trkpt>
      <trkpt lat="59.925540532174054" lon="10.714326035968758">
        <ele>111.109</ele>
        <time>2026-07-26T09:36:53Z</time>
      </trkpt>
      <trkpt lat="59.925500358575512" lon="10.714265705489586">
        <ele>111.303</ele>
        <time>2026-07-26T09:36:54Z</time>
      </trkpt>
      <trkpt lat="59.925459588876294" lon="10.714206329662913">
        <ele>111.459</ele>
        <time>2026-07-26T09:36:55Z</time>
      </trkpt>
      <trkpt lat="59.925417895874489" lon="10.7141473966721">
        <ele>111.556</ele>
        <time>2026-07-26T09:36:56Z</time>
      </trkpt>
      <trkpt lat="59.925374783597746" lon="10.714090171148008">
        <ele>111.752</ele>
        <time>2026-07-26T09:36:57Z</time>
      </trkpt>
      <trkpt lat="59.925331030376725" lon="10.714035393184844">
        <ele>111.897</ele>
        <time>2026-07-26T09:36:58Z</time>
      </trkpt>
      <trkpt lat="59.925287298274753" lon="10.713980329122469">
        <ele>111.962</ele>
        <time>2026-07-26T09:36:59Z</time>
      </trkpt>
      <trkpt lat="59.92524435190451" lon="10.713924267800923">
        <ele>112.022</ele>
        <time>2026-07-26T09:37:00Z</time>
      </trkpt>
      <trkpt lat="59.925202881610232" lon="10.713867385334298">
        <ele>112.047</ele>
        <time>2026-07-26T09:37:01Z</time>
      </trkpt>
      <trkpt lat="59.925161713289292" lon="10.713811733533168">
        <ele>112.01</ele>
        <time>2026-07-26T09:37:02Z</time>
      </trkpt>
      <trkpt lat="59.925122216201281" lon="10.713758911379692">
        <ele>111.946</ele>
        <time>2026-07-26T09:37:03Z</time>
      </trkpt>
      <trkpt lat="59.925083482100817" lon="10.713710116595665">
        <ele>111.711</ele>
        <time>2026-07-26T09:37:04Z</time>
      </trkpt>
      <trkpt lat="59.92504523347786" lon="10.713664747024987">
        <ele>111.479</ele>
        <time>2026-07-26T09:37:05Z</time>
      </trkpt>
      <trkpt lat="59.925007985294748" lon="10.713621872396525">
        <ele>111.243</ele>
        <time>2026-07-26T09:37:06Z</time>
      </trkpt>
      <trkpt lat="59.924971939078816" lon="10.713582138711821">
        <ele>111.102</ele>
        <time>2026-07-26T09:37:07Z</time>
      </trkpt>
      <trkpt lat="59.924935575903987" lon="10.713544141347841">
        <ele>110.957</ele>
        <time>2026-07-26T09:37:08Z</time>
      </trkpt>
      <trkpt lat="59.92490048668445" lon="10.713509709965903">
        <ele>110.798</ele>
        <time>2026-07-26T09:37:09Z</time>
      </trkpt>
      <trkpt lat="59.924863308737116" lon="10.713476034793748">
        <ele>110.463</ele>
        <time>2026-07-26T09:37:10Z</time>
      </trkpt>
      <trkpt lat="59.924823878718058" lon="10.713441957699375">
        <ele>110.202</ele>
        <time>2026-07-26T09:37:11Z</time>
      </trkpt>
      <trkpt lat="59.924781030623052" lon="10.713405872572046">
        <ele>109.932</ele>
        <time>2026-07-26T09:37:12Z</time>
      </trkpt>
      <trkpt lat="59.924737214302873" lon="10.713371067619736">
        <ele>109.713</ele>
        <time>2026-07-26T09:37:13Z</time>
      </trkpt>
      <trkpt lat="59.924692253402405" lon="10.713343909732522">
        <ele>109.561</ele>
        <time>2026-07-26T09:37:14Z</time>
      </trkpt>
      <trkpt lat="59.924649770127964" lon="10.713324333157935">
        <ele>109.508</ele>
        <time>2026-07-26T09:37:15Z</time>
      </trkpt>
      <trkpt lat="59.924608687995402" lon="10.713313339763909">
        <ele>109.409</ele>
        <time>2026-07-26T09:37:16Z</time>
      </trkpt>
      <trkpt lat="59.924570665850709" lon="10.713310509514791">
        <ele>109.348</ele>
        <time>2026-07-26T09:37:17Z</time>
      </trkpt>
      <trkpt lat="59.92453717741585" lon="10.713313927192514">
        <ele>109.401</ele>
        <time>2026-07-26T09:37:18Z</time>
      </trkpt>
      <trkpt lat="59.924509749230673" lon="10.713321345098706">
        <ele>109.509</ele>
        <time>2026-07-26T09:37:19Z</time>
      </trkpt>
      <trkpt lat="59.924486219977176" lon="10.713332601506911">
        <ele>109.625</ele>
        <time>2026-07-26T09:37:20Z</time>
      </trkpt>
      <trkpt lat="59.924467600037403" lon="10.71334832343392">
        <ele>109.618</ele>
        <time>2026-07-26T09:37:21Z</time>
      </trkpt>
      <trkpt lat="59.924452522502847" lon="10.713367106188182">
        <ele>109.538</ele>
        <time>2026-07-26T09:37:22Z</time>
      </trkpt>
      <trkpt lat="59.924437651507155" lon="10.713386323830315">
        <ele>109.542</ele>
        <time>2026-07-26T09:37:23Z</time>
      </trkpt>
      <trkpt lat="59.924421812757821" lon="10.713404319833549">
        <ele>109.418</ele>
        <time>2026-07-26T09:37:24Z</time>
      </trkpt>
      <trkpt lat="59.924404701968783" lon="10.713418863747004">
        <ele>109.187</ele>
        <time>2026-07-26T09:37:25Z</time>
      </trkpt>
      <trkpt lat="59.924387398046662" lon="10.713431965217488">
        <ele>109.017</ele>
        <time>2026-07-26T09:37:26Z</time>
      </trkpt>
      <trkpt lat="59.924372127204308" lon="10.71344050976481">
        <ele>108.796</ele>
        <time>2026-07-26T09:37:27Z</time>
      </trkpt>
      <trkpt lat="59.924359275133256" lon="10.713443814422027">
        <ele>108.631</ele>
        <time>2026-07-26T09:37:28Z</time>
      </trkpt>
      <trkpt lat="59.92435134079048" lon="10.71345145124681">
        <ele>108.629</ele>
        <time>2026-07-26T09:37:36Z</time>
      </trkpt>
      <trkpt lat="59.924341855134941" lon="10.713457546237562">
        <ele>108.512</ele>
        <time>2026-07-26T09:37:38Z</time>
      </trkpt>
      <trkpt lat="59.924328401137416" lon="10.713465107593164">
        <ele>108.272</ele>
        <time>2026-07-26T09:37:39Z</time>
      </trkpt>
      <trkpt lat="59.924309045227091" lon="10.713475327294431">
        <ele>108.014</ele>
        <time>2026-07-26T09:37:40Z</time>
      </trkpt>
      <trkpt lat="59.924285264002279" lon="10.713488402289711">
        <ele>107.763</ele>
        <time>2026-07-26T09:37:41Z</time>
      </trkpt>
      <trkpt lat="59.92425670536187" lon="10.713509037574404">
        <ele>107.446</ele>
        <time>2026-07-26T09:37:42Z</time>
      </trkpt>
      <trkpt lat="59.9242246352823" lon="10.713531796845205">
        <ele>107.106</ele>
        <time>2026-07-26T09:37:43Z</time>
      </trkpt>
      <trkpt lat="59.924188490169939" lon="10.713556918557021">
        <ele>106.745</ele>
        <time>2026-07-26T09:37:44Z</time>
      </trkpt>
      <trkpt lat="59.924149614279798" lon="10.713584165163077">
        <ele>106.344</ele>
        <time>2026-07-26T09:37:45Z</time>
      </trkpt>
      <trkpt lat="59.924108588798198" lon="10.713612799420117">
        <ele>105.999</ele>
        <time>2026-07-26T09:37:46Z</time>
      </trkpt>
      <trkpt lat="59.924065791189456" lon="10.713639920312401">
        <ele>105.623</ele>
        <time>2026-07-26T09:37:47Z</time>
      </trkpt>
      <trkpt lat="59.924022233484664" lon="10.713664773365748">
        <ele>105.251</ele>
        <time>2026-07-26T09:37:48Z</time>
      </trkpt>
      <trkpt lat="59.923980821648613" lon="10.713685154036328">
        <ele>104.762</ele>
        <time>2026-07-26T09:37:49Z</time>
      </trkpt>
      <trkpt lat="59.923943931285137" lon="10.713701037043514">
        <ele>104.434</ele>
        <time>2026-07-26T09:37:50Z</time>
      </trkpt>
      <trkpt lat="59.923913239078864" lon="10.713714150344552">
        <ele>104.203</ele>
        <time>2026-07-26T09:37:55Z</time>
      </trkpt>
      <trkpt lat="59.923881783140246" lon="10.713731424777796">
        <ele>103.916</ele>
        <time>2026-07-26T09:37:57Z</time>
      </trkpt>
      <trkpt lat="59.923852766335486" lon="10.713748965197055">
        <ele>103.619</ele>
        <time>2026-07-26T09:37:58Z</time>
      </trkpt>
      <trkpt lat="59.923827077367811" lon="10.713762812933089">
        <ele>103.466</ele>
        <time>2026-07-26T09:37:59Z</time>
      </trkpt>
      <trkpt lat="59.923806025893313" lon="10.713768705425617">
        <ele>103.326</ele>
        <time>2026-07-26T09:38:00Z</time>
      </trkpt>
      <trkpt lat="59.923799480263689" lon="10.713767404025461">
        <ele>103.407</ele>
        <time>2026-07-26T09:38:07Z</time>
      </trkpt>
      <trkpt lat="59.923793347291678" lon="10.713760682044654">
        <ele>103.517</ele>
        <time>2026-07-26T09:38:08Z</time>
      </trkpt>
      <trkpt lat="59.923783971984491" lon="10.713749561878975">
        <ele>103.601</ele>
        <time>2026-07-26T09:38:09Z</time>
      </trkpt>
      <trkpt lat="59.923770771861768" lon="10.71373370236714">
        <ele>103.603</ele>
        <time>2026-07-26T09:38:10Z</time>
      </trkpt>
      <trkpt lat="59.923755181699541" lon="10.713711717390204">
        <ele>103.667</ele>
        <time>2026-07-26T09:38:11Z</time>
      </trkpt>
      <trkpt lat="59.923738380244551" lon="10.713680954188112">
        <ele>103.651</ele>
        <time>2026-07-26T09:38:12Z</time>
      </trkpt>
      <trkpt lat="59.923719229762924" lon="10.713645632625786">
        <ele>103.618</ele>
        <time>2026-07-26T09:38:13Z</time>
      </trkpt>
      <trkpt lat="59.923698467767473" lon="10.713604569471581">
        <ele>103.611</ele>
        <time>2026-07-26T09:38:14Z</time>
      </trkpt>
      <trkpt lat="59.923676752684287" lon="10.713560948848412">
        <ele>103.587</ele>
        <time>2026-07-26T09:38:15Z</time>
      </trkpt>
      <trkpt lat="59.923654918307555" lon="10.713516755720002">
        <ele>103.56</ele>
        <time>2026-07-26T09:38:16Z</time>
      </trkpt>
      <trkpt lat="59.923632180386768" lon="10.713473522147616">
        <ele>103.52</ele>
        <time>2026-07-26T09:38:17Z</time>
      </trkpt>
      <trkpt lat="59.923609008333251" lon="10.713430398368647">
        <ele>103.521</ele>
        <time>2026-07-26T09:38:18Z</time>
      </trkpt>
      <trkpt lat="59.92358544877041" lon="10.713388075534887">
        <ele>103.505</ele>
        <time>2026-07-26T09:38:19Z</time>
      </trkpt>
      <trkpt lat="59.923562163216147" lon="10.71334617251043">
        <ele>103.508</ele>
        <time>2026-07-26T09:38:20Z</time>
      </trkpt>
      <trkpt lat="59.923539363151114" lon="10.713303551257678">
        <ele>103.475</ele>
        <time>2026-07-26T09:38:21Z</time>
      </trkpt>
      <trkpt lat="59.923515852659101" lon="10.713259114962819">
        <ele>103.441</ele>
        <time>2026-07-26T09:38:22Z</time>
      </trkpt>
      <trkpt lat="59.923491666361464" lon="10.713214669040214">
        <ele>103.455</ele>
        <time>2026-07-26T09:38:23Z</time>
      </trkpt>
      <trkpt lat="59.923466770186515" lon="10.713170481416663">
        <ele>103.427</ele>
        <time>2026-07-26T09:38:24Z</time>
      </trkpt>
      <trkpt lat="59.923441255119023" lon="10.713125102609288">
        <ele>103.409</ele>
        <time>2026-07-26T09:38:25Z</time>
      </trkpt>
      <trkpt lat="59.923416548693943" lon="10.713081964268428">
        <ele>103.493</ele>
        <time>2026-07-26T09:38:26Z</time>
      </trkpt>
      <trkpt lat="59.92339210854049" lon="10.713040988052557">
        <ele>103.567</ele>
        <time>2026-07-26T09:38:27Z</time>
      </trkpt>
      <trkpt lat="59.923368885559348" lon="10.713002983313944">
        <ele>103.671</ele>
        <time>2026-07-26T09:38:28Z</time>
      </trkpt>
      <trkpt lat="59.923347441082434" lon="10.712968986764597">
        <ele>103.778</ele>
        <time>2026-07-26T09:38:29Z</time>
      </trkpt>
      <trkpt lat="59.923326647828333" lon="10.712934223208721">
        <ele>103.897</ele>
        <time>2026-07-26T09:38:30Z</time>
      </trkpt>
      <trkpt lat="59.923305646810775" lon="10.712894191297973">
        <ele>103.982</ele>
        <time>2026-07-26T09:38:31Z</time>
      </trkpt>
      <trkpt lat="59.923282843775588" lon="10.712849945205351">
        <ele>104.029</ele>
        <time>2026-07-26T09:38:32Z</time>
      </trkpt>
      <trkpt lat="59.923257302444881" lon="10.712801312000286">
        <ele>104.034</ele>
        <time>2026-07-26T09:38:33Z</time>
      </trkpt>
      <trkpt lat="59.923229095089539" lon="10.712749549961021">
        <ele>104</ele>
        <time>2026-07-26T09:38:34Z</time>
      </trkpt>
      <trkpt lat="59.923198064313816" lon="10.712695247090528">
        <ele>103.899</ele>
        <time>2026-07-26T09:38:35Z</time>
      </trkpt>
      <trkpt lat="59.923164988355914" lon="10.712638064229777">
        <ele>103.746</ele>
        <time>2026-07-26T09:38:36Z</time>
      </trkpt>
      <trkpt lat="59.923131017544627" lon="10.712578849764745">
        <ele>103.609</ele>
        <time>2026-07-26T09:38:37Z</time>
      </trkpt>
      <trkpt lat="59.92309746579722" lon="10.712517595835628">
        <ele>103.472</ele>
        <time>2026-07-26T09:38:38Z</time>
      </trkpt>
      <trkpt lat="59.923065654115582" lon="10.71245413714804">
        <ele>103.31</ele>
        <time>2026-07-26T09:38:39Z</time>
      </trkpt>
      <trkpt lat="59.923036283645359" lon="10.71239048122424">
        <ele>103.169</ele>
        <time>2026-07-26T09:38:40Z</time>
      </trkpt>
      <trkpt lat="59.923009079020943" lon="10.712330095114842">
        <ele>103.017</ele>
        <time>2026-07-26T09:38:41Z</time>
      </trkpt>
      <trkpt lat="59.922983398181195" lon="10.712275987919723">
        <ele>102.87</ele>
        <time>2026-07-26T09:38:42Z</time>
      </trkpt>
      <trkpt lat="59.922958946785812" lon="10.712230973676039">
        <ele>102.725</ele>
        <time>2026-07-26T09:38:43Z</time>
      </trkpt>
      <trkpt lat="59.922937118175184" lon="10.712201491794591">
        <ele>102.612</ele>
        <time>2026-07-26T09:38:44Z</time>
      </trkpt>
      <trkpt lat="59.92291939401067" lon="10.712192897679358">
        <ele>102.549</ele>
        <time>2026-07-26T09:38:45Z</time>
      </trkpt>
      <trkpt lat="59.922905529156345" lon="10.71220388550031">
        <ele>102.478</ele>
        <time>2026-07-26T09:38:46Z</time>
      </trkpt>
      <trkpt lat="59.922903196131948" lon="10.712230549791721">
        <ele>102.57</ele>
        <time>2026-07-26T09:38:47Z</time>
      </trkpt>
      <trkpt lat="59.922911573712732" lon="10.712267914131377">
        <ele>102.71</ele>
        <time>2026-07-26T09:38:48Z</time>
      </trkpt>
      <trkpt lat="59.922929577261179" lon="10.712312028037267">
        <ele>102.912</ele>
        <time>2026-07-26T09:38:49Z</time>
      </trkpt>
      <trkpt lat="59.922955522692412" lon="10.712362799003017">
        <ele>103.111</ele>
        <time>2026-07-26T09:38:50Z</time>
      </trkpt>
      <trkpt lat="59.922987784379252" lon="10.712418522195035">
        <ele>103.329</ele>
        <time>2026-07-26T09:38:51Z</time>
      </trkpt>
      <trkpt lat="59.923025331684535" lon="10.71247923898072">
        <ele>103.564</ele>
        <time>2026-07-26T09:38:52Z</time>
      </trkpt>
      <trkpt lat="59.923067629505006" lon="10.712543432554002">
        <ele>103.755</ele>
        <time>2026-07-26T09:38:53Z</time>
      </trkpt>
      <trkpt lat="59.923114664781792" lon="10.712604578430424">
        <ele>103.943</ele>
        <time>2026-07-26T09:38:54Z</time>
      </trkpt>
      <trkpt lat="59.923165659345592" lon="10.712653891904319">
        <ele>104.084</ele>
        <time>2026-07-26T09:38:55Z</time>
      </trkpt>
      <trkpt lat="59.923218848019765" lon="10.712684103665975">
        <ele>104.194</ele>
        <time>2026-07-26T09:38:56Z</time>
      </trkpt>
      <trkpt lat="59.923270475895592" lon="10.712691602217163">
        <ele>104.307</ele>
        <time>2026-07-26T09:38:57Z</time>
      </trkpt>
      <trkpt lat="59.923319753772219" lon="10.712677457574758">
        <ele>104.424</ele>
        <time>2026-07-26T09:38:58Z</time>
      </trkpt>
      <trkpt lat="59.923366297482509" lon="10.712645669223342">
        <ele>104.507</ele>
        <time>2026-07-26T09:38:59Z</time>
      </trkpt>
      <trkpt lat="59.923411070097949" lon="10.712598338130174">
        <ele>104.595</ele>
        <time>2026-07-26T09:39:00Z</time>
      </trkpt>
      <trkpt lat="59.923454472207062" lon="10.712537158136866">
        <ele>104.592</ele>
        <time>2026-07-26T09:39:01Z</time>
      </trkpt>
      <trkpt lat="59.923496105098437" lon="10.712465765565815">
        <ele>104.584</ele>
        <time>2026-07-26T09:39:02Z</time>
      </trkpt>
      <trkpt lat="59.923535314867905" lon="10.712386242316011">
        <ele>104.624</ele>
        <time>2026-07-26T09:39:03Z</time>
      </trkpt>
      <trkpt lat="59.923572056441017" lon="10.712301634639539">
        <ele>104.743</ele>
        <time>2026-07-26T09:39:04Z</time>
      </trkpt>
      <trkpt lat="59.923605037220476" lon="10.712217490567173">
        <ele>104.854</ele>
        <time>2026-07-26T09:39:05Z</time>
      </trkpt>
      <trkpt lat="59.923635309916975" lon="10.71213531631582">
        <ele>104.919</ele>
        <time>2026-07-26T09:39:06Z</time>
      </trkpt>
      <trkpt lat="59.923664070805224" lon="10.712055433393351">
        <ele>104.974</ele>
        <time>2026-07-26T09:39:07Z</time>
      </trkpt>
      <trkpt lat="59.923690005518885" lon="10.711977446824241">
        <ele>105.022</ele>
        <time>2026-07-26T09:39:08Z</time>
      </trkpt>
      <trkpt lat="59.923710990030727" lon="10.711902531067535">
        <ele>105.037</ele>
        <time>2026-07-26T09:39:09Z</time>
      </trkpt>
      <trkpt lat="59.92372456000605" lon="10.711831032895752">
        <ele>105.061</ele>
        <time>2026-07-26T09:39:10Z</time>
      </trkpt>
      <trkpt lat="59.923732559249295" lon="10.711762934102692">
        <ele>105.184</ele>
        <time>2026-07-26T09:39:11Z</time>
      </trkpt>
      <trkpt lat="59.923733180244049" lon="10.711696818292541">
        <ele>105.273</ele>
        <time>2026-07-26T09:39:12Z</time>
      </trkpt>
      <trkpt lat="59.923727104610585" lon="10.711633816215699">
        <ele>105.327</ele>
        <time>2026-07-26T09:39:13Z</time>
      </trkpt>
      <trkpt lat="59.923711729018763" lon="10.711572092258455">
        <ele>105.27</ele>
        <time>2026-07-26T09:39:14Z</time>
      </trkpt>
      <trkpt lat="59.923688430844088" lon="10.711515785153781">
        <ele>105.148</ele>
        <time>2026-07-26T09:39:15Z</time>
      </trkpt>
      <trkpt lat="59.923660126413999" lon="10.71146505543522">
        <ele>105.011</ele>
        <time>2026-07-26T09:39:16Z</time>
      </trkpt>
      <trkpt lat="59.923628021636198" lon="10.711418239336476">
        <ele>104.878</ele>
        <time>2026-07-26T09:39:17Z</time>
      </trkpt>
      <trkpt lat="59.9235924821309" lon="10.711371532463078">
        <ele>104.723</ele>
        <time>2026-07-26T09:39:18Z</time>
      </trkpt>
      <trkpt lat="59.923555503943753" lon="10.711326284287146">
        <ele>104.59</ele>
        <time>2026-07-26T09:39:19Z</time>
      </trkpt>
      <trkpt lat="59.9235155198485" lon="10.711282022476851">
        <ele>104.561</ele>
        <time>2026-07-26T09:39:20Z</time>
      </trkpt>
      <trkpt lat="59.923475077915668" lon="10.711238960993777">
        <ele>104.53</ele>
        <time>2026-07-26T09:39:21Z</time>
      </trkpt>
      <trkpt lat="59.923434019162151" lon="10.711196058180247">
        <ele>104.496</ele>
        <time>2026-07-26T09:39:22Z</time>
      </trkpt>
      <trkpt lat="59.923395477549995" lon="10.711154595633557">
        <ele>104.475</ele>
        <time>2026-07-26T09:39:23Z</time>
      </trkpt>
      <trkpt lat="59.923358615329803" lon="10.711112275390349">
        <ele>104.377</ele>
        <time>2026-07-26T09:39:24Z</time>
      </trkpt>
      <trkpt lat="59.923321502572001" lon="10.711070036377768">
        <ele>104.119</ele>
        <time>2026-07-26T09:39:25Z</time>
      </trkpt>
      <trkpt lat="59.923285871762459" lon="10.711026730111222">
        <ele>103.96</ele>
        <time>2026-07-26T09:39:26Z</time>
      </trkpt>
      <trkpt lat="59.923251781246087" lon="10.710981854285256">
        <ele>103.959</ele>
        <time>2026-07-26T09:39:27Z</time>
      </trkpt>
      <trkpt lat="59.923218842578052" lon="10.710935546347971">
        <ele>104.021</ele>
        <time>2026-07-26T09:39:28Z</time>
      </trkpt>
      <trkpt lat="59.923187282187087" lon="10.710889063014676">
        <ele>104.14</ele>
        <time>2026-07-26T09:39:29Z</time>
      </trkpt>
      <trkpt lat="59.923156726032886" lon="10.710841596835104">
        <ele>104.248</ele>
        <time>2026-07-26T09:39:30Z</time>
      </trkpt>
      <trkpt lat="59.923127706632016" lon="10.710793117544796">
        <ele>104.377</ele>
        <time>2026-07-26T09:39:31Z</time>
      </trkpt>
      <trkpt lat="59.923099304775107" lon="10.710744501270451">
        <ele>104.486</ele>
        <time>2026-07-26T09:39:32Z</time>
      </trkpt>
      <trkpt lat="59.923071272845917" lon="10.710698017812327">
        <ele>104.695</ele>
        <time>2026-07-26T09:39:33Z</time>
      </trkpt>
      <trkpt lat="59.923042930738532" lon="10.710653495873336">
        <ele>104.737</ele>
        <time>2026-07-26T09:39:34Z</time>
      </trkpt>
      <trkpt lat="59.92301502790594" lon="10.710609016958262">
        <ele>104.749</ele>
        <time>2026-07-26T09:39:35Z</time>
      </trkpt>
      <trkpt lat="59.92298733210913" lon="10.710562666869386">
        <ele>104.748</ele>
        <time>2026-07-26T09:39:36Z</time>
      </trkpt>
      <trkpt lat="59.922959895548452" lon="10.710515672554909">
        <ele>104.693</ele>
        <time>2026-07-26T09:39:37Z</time>
      </trkpt>
      <trkpt lat="59.922932751659268" lon="10.710467869361773">
        <ele>104.727</ele>
        <time>2026-07-26T09:39:38Z</time>
      </trkpt>
      <trkpt lat="59.922905189026508" lon="10.71041970411766">
        <ele>104.735</ele>
        <time>2026-07-26T09:39:39Z</time>
      </trkpt>
      <trkpt lat="59.922877882924766" lon="10.710372946542504">
        <ele>104.733</ele>
        <time>2026-07-26T09:39:40Z</time>
      </trkpt>
      <trkpt lat="59.92285127760978" lon="10.710325842776568">
        <ele>104.683</ele>
        <time>2026-07-26T09:39:41Z</time>
      </trkpt>
      <trkpt lat="59.922825190117827" lon="10.710277629341793">
        <ele>104.717</ele>
        <time>2026-07-26T09:39:42Z</time>
      </trkpt>
      <trkpt lat="59.922800598039082" lon="10.710230750546678">
        <ele>104.64</ele>
        <time>2026-07-26T09:39:43Z</time>
      </trkpt>
      <trkpt lat="59.922776887269535" lon="10.710187043591974">
        <ele>104.62</ele>
        <time>2026-07-26T09:39:44Z</time>
      </trkpt>
      <trkpt lat="59.922754418611568" lon="10.710145989875402">
        <ele>104.596</ele>
        <time>2026-07-26T09:39:45Z</time>
      </trkpt>
      <trkpt lat="59.922733669533457" lon="10.71010893580271">
        <ele>104.553</ele>
        <time>2026-07-26T09:39:46Z</time>
      </trkpt>
      <trkpt lat="59.922714776631295" lon="10.710075045926308">
        <ele>104.51</ele>
        <time>2026-07-26T09:39:47Z</time>
      </trkpt>
      <trkpt lat="59.922698558862706" lon="10.710044942738959">
        <ele>104.509</ele>
        <time>2026-07-26T09:39:48Z</time>
      </trkpt>
      <trkpt lat="59.922684908391808" lon="10.710013423485586">
        <ele>104.365</ele>
        <time>2026-07-26T09:39:49Z</time>
      </trkpt>
      <trkpt lat="59.922678143494274" lon="10.709979507951486">
        <ele>104.341</ele>
        <time>2026-07-26T09:39:50Z</time>
      </trkpt>
      <trkpt lat="59.92268002070017" lon="10.709940427577937">
        <ele>104.256</ele>
        <time>2026-07-26T09:39:51Z</time>
      </trkpt>
      <trkpt lat="59.922691291730423" lon="10.709894886200738">
        <ele>104.022</ele>
        <time>2026-07-26T09:39:52Z</time>
      </trkpt>
      <trkpt lat="59.922709679396768" lon="10.709843586629836">
        <ele>103.629</ele>
        <time>2026-07-26T09:39:53Z</time>
      </trkpt>
      <trkpt lat="59.922734104857781" lon="10.709785199098434">
        <ele>103.284</ele>
        <time>2026-07-26T09:39:54Z</time>
      </trkpt>
      <trkpt lat="59.922762416210361" lon="10.709721423181659">
        <ele>102.789</ele>
        <time>2026-07-26T09:39:55Z</time>
      </trkpt>
      <trkpt lat="59.922796215843519" lon="10.709654672177855">
        <ele>102.398</ele>
        <time>2026-07-26T09:39:56Z</time>
      </trkpt>
      <trkpt lat="59.922834175293644" lon="10.709585765711171">
        <ele>102.159</ele>
        <time>2026-07-26T09:39:57Z</time>
      </trkpt>
      <trkpt lat="59.922874855686224" lon="10.709515939882881">
        <ele>102.026</ele>
        <time>2026-07-26T09:39:58Z</time>
      </trkpt>
      <trkpt lat="59.922916982816581" lon="10.709445180149849">
        <ele>101.936</ele>
        <time>2026-07-26T09:39:59Z</time>
      </trkpt>
      <trkpt lat="59.922959552207729" lon="10.709372779498286">
        <ele>101.899</ele>
        <time>2026-07-26T09:40:00Z</time>
      </trkpt>
      <trkpt lat="59.923001374525164" lon="10.70929862131398">
        <ele>101.89</ele>
        <time>2026-07-26T09:40:01Z</time>
      </trkpt>
      <trkpt lat="59.923041802258041" lon="10.709221990346613">
        <ele>101.919</ele>
        <time>2026-07-26T09:40:02Z</time>
      </trkpt>
      <trkpt lat="59.923080742833292" lon="10.70914288992306">
        <ele>101.992</ele>
        <time>2026-07-26T09:40:03Z</time>
      </trkpt>
      <trkpt lat="59.923118240741665" lon="10.709062897817644">
        <ele>102.084</ele>
        <time>2026-07-26T09:40:04Z</time>
      </trkpt>
      <trkpt lat="59.923154249579959" lon="10.708983452747869">
        <ele>102.223</ele>
        <time>2026-07-26T09:40:05Z</time>
      </trkpt>
      <trkpt lat="59.923188500541933" lon="10.708906733800031">
        <ele>102.389</ele>
        <time>2026-07-26T09:40:06Z</time>
      </trkpt>
      <trkpt lat="59.923220554759332" lon="10.708832537137392">
        <ele>102.556</ele>
        <time>2026-07-26T09:40:07Z</time>
      </trkpt>
      <trkpt lat="59.923249129958066" lon="10.708761920224147">
        <ele>102.693</ele>
        <time>2026-07-26T09:40:08Z</time>
      </trkpt>
      <trkpt lat="59.923270980416497" lon="10.708694237702112">
        <ele>102.789</ele>
        <time>2026-07-26T09:40:09Z</time>
      </trkpt>
      <trkpt lat="59.923283356550897" lon="10.708627524056327">
        <ele>102.847</ele>
        <time>2026-07-26T09:40:10Z</time>
      </trkpt>
      <trkpt lat="59.923284197230593" lon="10.708560770314598">
        <ele>102.848</ele>
        <time>2026-07-26T09:40:11Z</time>
      </trkpt>
      <trkpt lat="59.923275941543551" lon="10.708495285945245">
        <ele>102.792</ele>
        <time>2026-07-26T09:40:12Z</time>
      </trkpt>
      <trkpt lat="59.923258459260182" lon="10.708433139699791">
        <ele>102.65</ele>
        <time>2026-07-26T09:40:13Z</time>
      </trkpt>
      <trkpt lat="59.923233479055796" lon="10.70837230638398">
        <ele>102.497</ele>
        <time>2026-07-26T09:40:14Z</time>
      </trkpt>
      <trkpt lat="59.92320226229976" lon="10.708311169261163">
        <ele>102.329</ele>
        <time>2026-07-26T09:40:15Z</time>
      </trkpt>
      <trkpt lat="59.923167120833014" lon="10.708252186723104">
        <ele>102.191</ele>
        <time>2026-07-26T09:40:16Z</time>
      </trkpt>
      <trkpt lat="59.923129243596058" lon="10.7081935901658">
        <ele>102.049</ele>
        <time>2026-07-26T09:40:17Z</time>
      </trkpt>
      <trkpt lat="59.923088228477404" lon="10.708137209066933">
        <ele>101.952</ele>
        <time>2026-07-26T09:40:18Z</time>
      </trkpt>
      <trkpt lat="59.923046787836732" lon="10.708084216364879">
        <ele>101.891</ele>
        <time>2026-07-26T09:40:19Z</time>
      </trkpt>
      <trkpt lat="59.923003886282629" lon="10.708034055576588">
        <ele>101.868</ele>
        <time>2026-07-26T09:40:20Z</time>
      </trkpt>
      <trkpt lat="59.922960076802561" lon="10.707987327843327">
        <ele>101.85</ele>
        <time>2026-07-26T09:40:21Z</time>
      </trkpt>
      <trkpt lat="59.922914490698325" lon="10.707941483008643">
        <ele>101.787</ele>
        <time>2026-07-26T09:40:22Z</time>
      </trkpt>
      <trkpt lat="59.922866055728598" lon="10.707893465671264">
        <ele>101.591</ele>
        <time>2026-07-26T09:40:23Z</time>
      </trkpt>
      <trkpt lat="59.922817328943964" lon="10.707842846141771">
        <ele>101.369</ele>
        <time>2026-07-26T09:40:24Z</time>
      </trkpt>
      <trkpt lat="59.922770828507865" lon="10.707790824171116">
        <ele>101.21</ele>
        <time>2026-07-26T09:40:25Z</time>
      </trkpt>
      <trkpt lat="59.922725613067918" lon="10.707738090511373">
        <ele>101.1</ele>
        <time>2026-07-26T09:40:26Z</time>
      </trkpt>
      <trkpt lat="59.922681590634539" lon="10.707685262892898">
        <ele>101.052</ele>
        <time>2026-07-26T09:40:27Z</time>
      </trkpt>
      <trkpt lat="59.922639164263366" lon="10.707631511244999">
        <ele>101.071</ele>
        <time>2026-07-26T09:40:28Z</time>
      </trkpt>
      <trkpt lat="59.922598215750128" lon="10.707577079348177">
        <ele>101.11</ele>
        <time>2026-07-26T09:40:29Z</time>
      </trkpt>
      <trkpt lat="59.922558423916605" lon="10.707522250618853">
        <ele>101.163</ele>
        <time>2026-07-26T09:40:30Z</time>
      </trkpt>
      <trkpt lat="59.92251926478751" lon="10.707467355687488">
        <ele>101.222</ele>
        <time>2026-07-26T09:40:31Z</time>
      </trkpt>
      <trkpt lat="59.922480225309648" lon="10.707413119129837">
        <ele>101.268</ele>
        <time>2026-07-26T09:40:32Z</time>
      </trkpt>
      <trkpt lat="59.922441772776381" lon="10.707358752925627">
        <ele>101.234</ele>
        <time>2026-07-26T09:40:33Z</time>
      </trkpt>
      <trkpt lat="59.922404673065927" lon="10.707303473603803">
        <ele>101.126</ele>
        <time>2026-07-26T09:40:34Z</time>
      </trkpt>
      <trkpt lat="59.92236911230966" lon="10.707246849656975">
        <ele>101.035</ele>
        <time>2026-07-26T09:40:35Z</time>
      </trkpt>
      <trkpt lat="59.922334810907245" lon="10.707189180572978">
        <ele>100.903</ele>
        <time>2026-07-26T09:40:36Z</time>
      </trkpt>
      <trkpt lat="59.922301051897186" lon="10.70713156890648">
        <ele>100.753</ele>
        <time>2026-07-26T09:40:37Z</time>
      </trkpt>
      <trkpt lat="59.92226748481319" lon="10.707074128501903">
        <ele>100.573</ele>
        <time>2026-07-26T09:40:38Z</time>
      </trkpt>
      <trkpt lat="59.922234429042447" lon="10.707016218171843">
        <ele>100.369</ele>
        <time>2026-07-26T09:40:39Z</time>
      </trkpt>
      <trkpt lat="59.922201930180172" lon="10.706956974002765">
        <ele>100.148</ele>
        <time>2026-07-26T09:40:40Z</time>
      </trkpt>
      <trkpt lat="59.922169560948092" lon="10.706896839701701">
        <ele>99.9056</ele>
        <time>2026-07-26T09:40:41Z</time>
      </trkpt>
      <trkpt lat="59.922136711058137" lon="10.706836922374993">
        <ele>99.6398</ele>
        <time>2026-07-26T09:40:42Z</time>
      </trkpt>
      <trkpt lat="59.92210333224962" lon="10.70677810461309">
        <ele>99.3748</ele>
        <time>2026-07-26T09:40:43Z</time>
      </trkpt>
      <trkpt lat="59.922069609037308" lon="10.706719128020291">
        <ele>99.1231</ele>
        <time>2026-07-26T09:40:44Z</time>
      </trkpt>
      <trkpt lat="59.922035487150971" lon="10.706658946329021">
        <ele>98.8914</ele>
        <time>2026-07-26T09:40:45Z</time>
      </trkpt>
      <trkpt lat="59.922001551497061" lon="10.706598140006852">
        <ele>98.7897</ele>
        <time>2026-07-26T09:40:46Z</time>
      </trkpt>
      <trkpt lat="59.92196706933953" lon="10.706538249771411">
        <ele>98.706</ele>
        <time>2026-07-26T09:40:47Z</time>
      </trkpt>
      <trkpt lat="59.921931666099027" lon="10.706477481333902">
        <ele>98.6225</ele>
        <time>2026-07-26T09:40:48Z</time>
      </trkpt>
      <trkpt lat="59.921896111422051" lon="10.706415946301975">
        <ele>98.5584</ele>
        <time>2026-07-26T09:40:49Z</time>
      </trkpt>
      <trkpt lat="59.921860193602591" lon="10.706353705308508">
        <ele>98.5638</ele>
        <time>2026-07-26T09:40:50Z</time>
      </trkpt>
      <trkpt lat="59.921824227798105" lon="10.70628992725406">
        <ele>98.5125</ele>
        <time>2026-07-26T09:40:51Z</time>
      </trkpt>
      <trkpt lat="59.921788776702321" lon="10.706225939266732">
        <ele>98.4713</ele>
        <time>2026-07-26T09:40:52Z</time>
      </trkpt>
      <trkpt lat="59.921751692635425" lon="10.706160661996268">
        <ele>98.2428</ele>
        <time>2026-07-26T09:40:53Z</time>
      </trkpt>
      <trkpt lat="59.921716717950787" lon="10.706096594241128">
        <ele>98.0082</ele>
        <time>2026-07-26T09:40:54Z</time>
      </trkpt>
      <trkpt lat="59.921682342699334" lon="10.706033693914085">
        <ele>97.7544</ele>
        <time>2026-07-26T09:40:55Z</time>
      </trkpt>
      <trkpt lat="59.921649349714862" lon="10.705973482126089">
        <ele>97.4989</ele>
        <time>2026-07-26T09:40:56Z</time>
      </trkpt>
      <trkpt lat="59.921618507211505" lon="10.705919871180855">
        <ele>97.2996</ele>
        <time>2026-07-26T09:40:57Z</time>
      </trkpt>
      <trkpt lat="59.921589711752219" lon="10.705873940129187">
        <ele>97.1343</ele>
        <time>2026-07-26T09:40:58Z</time>
      </trkpt>
      <trkpt lat="59.921563054925677" lon="10.705837713362181">
        <ele>97.0107</ele>
        <time>2026-07-26T09:40:59Z</time>
      </trkpt>
      <trkpt lat="59.921537377820414" lon="10.705811647564087">
        <ele>96.9089</ele>
        <time>2026-07-26T09:41:00Z</time>
      </trkpt>
      <trkpt lat="59.92151122014333" lon="10.705797044415911">
        <ele>96.8538</ele>
        <time>2026-07-26T09:41:01Z</time>
      </trkpt>
      <trkpt lat="59.921482616005548" lon="10.70579672493705">
        <ele>96.842</ele>
        <time>2026-07-26T09:41:02Z</time>
      </trkpt>
      <trkpt lat="59.921451010665464" lon="10.705811365832261">
        <ele>96.8228</ele>
        <time>2026-07-26T09:41:03Z</time>
      </trkpt>
      <trkpt lat="59.921416937841144" lon="10.70584239194716">
        <ele>96.8487</ele>
        <time>2026-07-26T09:41:04Z</time>
      </trkpt>
      <trkpt lat="59.921381150503834" lon="10.705888637845097">
        <ele>96.8908</ele>
        <time>2026-07-26T09:41:05Z</time>
      </trkpt>
      <trkpt lat="59.921343308351737" lon="10.705946904269396">
        <ele>96.9226</ele>
        <time>2026-07-26T09:41:06Z</time>
      </trkpt>
      <trkpt lat="59.921303148768686" lon="10.706016549602575">
        <ele>97.0066</ele>
        <time>2026-07-26T09:41:07Z</time>
      </trkpt>
      <trkpt lat="59.921260666756204" lon="10.70609597786175">
        <ele>97.1437</ele>
        <time>2026-07-26T09:41:08Z</time>
      </trkpt>
      <trkpt lat="59.921215929074762" lon="10.70617888083429">
        <ele>97.2669</ele>
        <time>2026-07-26T09:41:09Z</time>
      </trkpt>
      <trkpt lat="59.921170002276007" lon="10.706267350652132">
        <ele>97.428</ele>
        <time>2026-07-26T09:41:10Z</time>
      </trkpt>
      <trkpt lat="59.921123848099256" lon="10.706357209795254">
        <ele>97.6084</ele>
        <time>2026-07-26T09:41:11Z</time>
      </trkpt>
      <trkpt lat="59.921078310312119" lon="10.706445718788933">
        <ele>97.7379</ele>
        <time>2026-07-26T09:41:12Z</time>
      </trkpt>
      <trkpt lat="59.921031956960682" lon="10.706533940488089">
        <ele>97.8436</ele>
        <time>2026-07-26T09:41:13Z</time>
      </trkpt>
      <trkpt lat="59.920987890387615" lon="10.706621393465062">
        <ele>97.9621</ele>
        <time>2026-07-26T09:41:14Z</time>
      </trkpt>
      <trkpt lat="59.920947880778151" lon="10.706707628090966">
        <ele>98.1056</ele>
        <time>2026-07-26T09:41:15Z</time>
      </trkpt>
      <trkpt lat="59.920911442723138" lon="10.706792006782624">
        <ele>98.1265</ele>
        <time>2026-07-26T09:41:16Z</time>
      </trkpt>
      <trkpt lat="59.920878615242572" lon="10.706872866740886">
        <ele>98.1666</ele>
        <time>2026-07-26T09:41:17Z</time>
      </trkpt>
      <trkpt lat="59.920850272392627" lon="10.70695145751052">
        <ele>98.2539</ele>
        <time>2026-07-26T09:41:18Z</time>
      </trkpt>
      <trkpt lat="59.920828917856149" lon="10.707028219404657">
        <ele>98.2983</ele>
        <time>2026-07-26T09:41:19Z</time>
      </trkpt>
      <trkpt lat="59.920817624924346" lon="10.707105075094981">
        <ele>98.182</ele>
        <time>2026-07-26T09:41:20Z</time>
      </trkpt>
      <trkpt lat="59.920817455724958" lon="10.707181536587173">
        <ele>98.0034</ele>
        <time>2026-07-26T09:41:21Z</time>
      </trkpt>
      <trkpt lat="59.92083026309146" lon="10.70725601324396">
        <ele>97.9142</ele>
        <time>2026-07-26T09:41:22Z</time>
      </trkpt>
      <trkpt lat="59.92085370870587" lon="10.707327136193449">
        <ele>97.856</ele>
        <time>2026-07-26T09:41:23Z</time>
      </trkpt>
      <trkpt lat="59.920885623667395" lon="10.707395640704458">
        <ele>97.7954</ele>
        <time>2026-07-26T09:41:24Z</time>
      </trkpt>
      <trkpt lat="59.920924200528091" lon="10.707461630291832">
        <ele>97.7493</ele>
        <time>2026-07-26T09:41:25Z</time>
      </trkpt>
      <trkpt lat="59.920968379091683" lon="10.707524213532517">
        <ele>97.7404</ele>
        <time>2026-07-26T09:41:26Z</time>
      </trkpt>
      <trkpt lat="59.921015831116385" lon="10.707583453715095">
        <ele>97.6463</ele>
        <time>2026-07-26T09:41:27Z</time>
      </trkpt>
      <trkpt lat="59.921066004523183" lon="10.707641492590643">
        <ele>97.5773</ele>
        <time>2026-07-26T09:41:28Z</time>
      </trkpt>
      <trkpt lat="59.921118136750422" lon="10.707698009548462">
        <ele>97.5155</ele>
        <time>2026-07-26T09:41:29Z</time>
      </trkpt>
      <trkpt lat="59.92117061273423" lon="10.707754168732837">
        <ele>97.5688</ele>
        <time>2026-07-26T09:41:30Z</time>
      </trkpt>
      <trkpt lat="59.921222446355124" lon="10.70780991454132">
        <ele>97.607</ele>
        <time>2026-07-26T09:41:31Z</time>
      </trkpt>
      <trkpt lat="59.921272934941754" lon="10.707865396768879">
        <ele>97.6562</ele>
        <time>2026-07-26T09:41:32Z</time>
      </trkpt>
      <trkpt lat="59.921322133206658" lon="10.707920753030518">
        <ele>97.6958</ele>
        <time>2026-07-26T09:41:33Z</time>
      </trkpt>
      <trkpt lat="59.921370201599899" lon="10.707974986543086">
        <ele>97.7765</ele>
        <time>2026-07-26T09:41:34Z</time>
      </trkpt>
      <trkpt lat="59.921417015969219" lon="10.708028581735256">
        <ele>97.8586</ele>
        <time>2026-07-26T09:41:35Z</time>
      </trkpt>
      <trkpt lat="59.921462588812489" lon="10.708082244836676">
        <ele>97.9449</ele>
        <time>2026-07-26T09:41:36Z</time>
      </trkpt>
      <trkpt lat="59.921506819266341" lon="10.708136067367441">
        <ele>98.0514</ele>
        <time>2026-07-26T09:41:37Z</time>
      </trkpt>
      <trkpt lat="59.921549221770718" lon="10.708191650961583">
        <ele>98.1604</ele>
        <time>2026-07-26T09:41:38Z</time>
      </trkpt>
      <trkpt lat="59.921590255565746" lon="10.708248232111973">
        <ele>98.2792</ele>
        <time>2026-07-26T09:41:39Z</time>
      </trkpt>
      <trkpt lat="59.921630302002953" lon="10.708305036909987">
        <ele>98.4126</ele>
        <time>2026-07-26T09:41:40Z</time>
      </trkpt>
      <trkpt lat="59.921669199114561" lon="10.708362435797367">
        <ele>98.5477</ele>
        <time>2026-07-26T09:41:41Z</time>
      </trkpt>
      <trkpt lat="59.921707109085133" lon="10.70841988062333">
        <ele>98.6884</ele>
        <time>2026-07-26T09:41:42Z</time>
      </trkpt>
      <trkpt lat="59.921743729726842" lon="10.708478211411848">
        <ele>98.8572</ele>
        <time>2026-07-26T09:41:43Z</time>
      </trkpt>
      <trkpt lat="59.921779834670645" lon="10.708537613811515">
        <ele>99.01</ele>
        <time>2026-07-26T09:41:44Z</time>
      </trkpt>
      <trkpt lat="59.921813368551277" lon="10.708596570573858">
        <ele>99.1311</ele>
        <time>2026-07-26T09:41:45Z</time>
      </trkpt>
      <trkpt lat="59.921843446869147" lon="10.708651949794657">
        <ele>99.2507</ele>
        <time>2026-07-26T09:41:46Z</time>
      </trkpt>
      <trkpt lat="59.921870345917945" lon="10.708700684814877">
        <ele>99.4557</ele>
        <time>2026-07-26T09:41:47Z</time>
      </trkpt>
      <trkpt lat="59.92189368957618" lon="10.708744429312148">
        <ele>99.5769</ele>
        <time>2026-07-26T09:41:48Z</time>
      </trkpt>
      <trkpt lat="59.921915208095889" lon="10.708785636310461">
        <ele>99.6901</ele>
        <time>2026-07-26T09:41:49Z</time>
      </trkpt>
      <trkpt lat="59.921938566328159" lon="10.708829682143081">
        <ele>99.8876</ele>
        <time>2026-07-26T09:41:50Z</time>
      </trkpt>
      <trkpt lat="59.921963728055069" lon="10.708876283437778">
        <ele>100.076</ele>
        <time>2026-07-26T09:41:51Z</time>
      </trkpt>
      <trkpt lat="59.92199115447464" lon="10.708925648768151">
        <ele>100.239</ele>
        <time>2026-07-26T09:41:52Z</time>
      </trkpt>
      <trkpt lat="59.922020731298225" lon="10.708976836018719">
        <ele>100.382</ele>
        <time>2026-07-26T09:41:53Z</time>
      </trkpt>
      <trkpt lat="59.922052023607797" lon="10.709029576915984">
        <ele>100.52</ele>
        <time>2026-07-26T09:41:54Z</time>
      </trkpt>
      <trkpt lat="59.92208432235725" lon="10.709083445108828">
        <ele>100.664</ele>
        <time>2026-07-26T09:41:55Z</time>
      </trkpt>
      <trkpt lat="59.922117702364226" lon="10.709138204924921">
        <ele>100.794</ele>
        <time>2026-07-26T09:41:56Z</time>
      </trkpt>
      <trkpt lat="59.922152043422031" lon="10.709193188034662">
        <ele>100.851</ele>
        <time>2026-07-26T09:41:57Z</time>
      </trkpt>
      <trkpt lat="59.922187085615022" lon="10.709250014679723">
        <ele>100.914</ele>
        <time>2026-07-26T09:41:58Z</time>
      </trkpt>
      <trkpt lat="59.922222565349195" lon="10.709306976775684">
        <ele>100.945</ele>
        <time>2026-07-26T09:41:59Z</time>
      </trkpt>
      <trkpt lat="59.922258269379277" lon="10.709363699358796">
        <ele>100.981</ele>
        <time>2026-07-26T09:42:00Z</time>
      </trkpt>
      <trkpt lat="59.922293668003881" lon="10.709420592109446">
        <ele>100.95</ele>
        <time>2026-07-26T09:42:01Z</time>
      </trkpt>
      <trkpt lat="59.922329342881383" lon="10.709477049377281">
        <ele>100.94</ele>
        <time>2026-07-26T09:42:02Z</time>
      </trkpt>
      <trkpt lat="59.922365471898971" lon="10.709532459417803">
        <ele>100.958</ele>
        <time>2026-07-26T09:42:03Z</time>
      </trkpt>
      <trkpt lat="59.92240115967644" lon="10.709587643374146">
        <ele>100.967</ele>
        <time>2026-07-26T09:42:04Z</time>
      </trkpt>
      <trkpt lat="59.922436061946456" lon="10.709643132278011">
        <ele>100.919</ele>
        <time>2026-07-26T09:42:05Z</time>
      </trkpt>
      <trkpt lat="59.922470982620489" lon="10.709697422828945">
        <ele>100.881</ele>
        <time>2026-07-26T09:42:06Z</time>
      </trkpt>
      <trkpt lat="59.922506140547178" lon="10.709750854016274">
        <ele>100.889</ele>
        <time>2026-07-26T09:42:07Z</time>
      </trkpt>
      <trkpt lat="59.922541099800476" lon="10.709804003110001">
        <ele>100.904</ele>
        <time>2026-07-26T09:42:08Z</time>
      </trkpt>
      <trkpt lat="59.92257585232317" lon="10.709856568050606">
        <ele>100.905</ele>
        <time>2026-07-26T09:42:09Z</time>
      </trkpt>
      <trkpt lat="59.9226103554738" lon="10.709909245443777">
        <ele>100.953</ele>
        <time>2026-07-26T09:42:10Z</time>
      </trkpt>
      <trkpt lat="59.922643251678409" lon="10.709960694228977">
        <ele>100.938</ele>
        <time>2026-07-26T09:42:11Z</time>
      </trkpt>
      <trkpt lat="59.922672362288552" lon="10.710010728949184">
        <ele>100.95</ele>
        <time>2026-07-26T09:42:12Z</time>
      </trkpt>
      <trkpt lat="59.922697154844869" lon="10.710057318308719">
        <ele>101.034</ele>
        <time>2026-07-26T09:42:13Z</time>
      </trkpt>
      <trkpt lat="59.922715987045095" lon="10.710096941999787">
        <ele>101.131</ele>
        <time>2026-07-26T09:42:14Z</time>
      </trkpt>
      <trkpt lat="59.922729876865262" lon="10.710132805382781">
        <ele>101.284</ele>
        <time>2026-07-26T09:42:18Z</time>
      </trkpt>
      <trkpt lat="59.922738256697748" lon="10.710168744141958">
        <ele>101.454</ele>
        <time>2026-07-26T09:42:19Z</time>
      </trkpt>
      <trkpt lat="59.922739967598389" lon="10.710209899272378">
        <ele>101.603</ele>
        <time>2026-07-26T09:42:20Z</time>
      </trkpt>
      <trkpt lat="59.922733634774211" lon="10.710256433430114">
        <ele>101.684</ele>
        <time>2026-07-26T09:42:21Z</time>
      </trkpt>
      <trkpt lat="59.922719071427686" lon="10.710309456691338">
        <ele>101.74</ele>
        <time>2026-07-26T09:42:22Z</time>
      </trkpt>
      <trkpt lat="59.922697009852207" lon="10.710368916012417">
        <ele>101.733</ele>
        <time>2026-07-26T09:42:23Z</time>
      </trkpt>
      <trkpt lat="59.92266880682125" lon="10.710433038929706">
        <ele>101.693</ele>
        <time>2026-07-26T09:42:24Z</time>
      </trkpt>
      <trkpt lat="59.922635917091988" lon="10.710501074449533">
        <ele>101.625</ele>
        <time>2026-07-26T09:42:25Z</time>
      </trkpt>
      <trkpt lat="59.922598742791578" lon="10.710572446877009">
        <ele>101.522</ele>
        <time>2026-07-26T09:42:26Z</time>
      </trkpt>
      <trkpt lat="59.922557950949972" lon="10.710645216816479">
        <ele>101.416</ele>
        <time>2026-07-26T09:42:27Z</time>
      </trkpt>
      <trkpt lat="59.922514800216682" lon="10.710718925082931">
        <ele>101.278</ele>
        <time>2026-07-26T09:42:28Z</time>
      </trkpt>
      <trkpt lat="59.922470157252135" lon="10.710792860319986">
        <ele>101.081</ele>
        <time>2026-07-26T09:42:29Z</time>
      </trkpt>
      <trkpt lat="59.922424862653926" lon="10.71086657461713">
        <ele>100.824</ele>
        <time>2026-07-26T09:42:30Z</time>
      </trkpt>
      <trkpt lat="59.922379484475009" lon="10.710938729777608">
        <ele>100.592</ele>
        <time>2026-07-26T09:42:31Z</time>
      </trkpt>
      <trkpt lat="59.922333457554885" lon="10.711006530100416">
        <ele>100.328</ele>
        <time>2026-07-26T09:42:32Z</time>
      </trkpt>
      <trkpt lat="59.922287117257298" lon="10.711066528015373">
        <ele>100.22</ele>
        <time>2026-07-26T09:42:33Z</time>
      </trkpt>
      <trkpt lat="59.922240464635991" lon="10.711107602898226">
        <ele>100.113</ele>
        <time>2026-07-26T09:42:34Z</time>
      </trkpt>
      <trkpt lat="59.922194325798991" lon="10.711124519715046">
        <ele>99.9915</ele>
        <time>2026-07-26T09:42:35Z</time>
      </trkpt>
      <trkpt lat="59.922149286893102" lon="10.711115197925452">
        <ele>99.8634</ele>
        <time>2026-07-26T09:42:36Z</time>
      </trkpt>
      <trkpt lat="59.92210502939998" lon="10.71108342165943">
        <ele>99.7385</ele>
        <time>2026-07-26T09:42:37Z</time>
      </trkpt>
      <trkpt lat="59.92206149337995" lon="10.711033603593144">
        <ele>99.6606</ele>
        <time>2026-07-26T09:42:38Z</time>
      </trkpt>
      <trkpt lat="59.922018909114676" lon="10.710970027490406">
        <ele>99.6164</ele>
        <time>2026-07-26T09:42:39Z</time>
      </trkpt>
      <trkpt lat="59.921977391876879" lon="10.710895277660146">
        <ele>99.585</ele>
        <time>2026-07-26T09:42:40Z</time>
      </trkpt>
      <trkpt lat="59.921937480810762" lon="10.71081235728515">
        <ele>99.6748</ele>
        <time>2026-07-26T09:42:41Z</time>
      </trkpt>
      <trkpt lat="59.921898708424962" lon="10.710723847918763">
        <ele>99.7337</ele>
        <time>2026-07-26T09:42:42Z</time>
      </trkpt>
      <trkpt lat="59.921860714540358" lon="10.710631280654455">
        <ele>99.7976</ele>
        <time>2026-07-26T09:42:43Z</time>
      </trkpt>
      <trkpt lat="59.921823899349882" lon="10.710536518720144">
        <ele>99.8394</ele>
        <time>2026-07-26T09:42:44Z</time>
      </trkpt>
      <trkpt lat="59.921787685099872" lon="10.710442892463234">
        <ele>99.8589</ele>
        <time>2026-07-26T09:42:45Z</time>
      </trkpt>
      <trkpt lat="59.921751189298682" lon="10.710349404703029">
        <ele>99.8506</ele>
        <time>2026-07-26T09:42:46Z</time>
      </trkpt>
      <trkpt lat="59.921714657956997" lon="10.710258410031374">
        <ele>99.8755</ele>
        <time>2026-07-26T09:42:47Z</time>
      </trkpt>
      <trkpt lat="59.921678456347067" lon="10.710171036563635">
        <ele>99.9175</ele>
        <time>2026-07-26T09:42:48Z</time>
      </trkpt>
      <trkpt lat="59.92164241973515" lon="10.710087630185891">
        <ele>99.9403</ele>
        <time>2026-07-26T09:42:49Z</time>
      </trkpt>
      <trkpt lat="59.921606366455563" lon="10.710007216212555">
        <ele>99.952</ele>
        <time>2026-07-26T09:42:50Z</time>
      </trkpt>
      <trkpt lat="59.921569386068334" lon="10.709930432793829">
        <ele>99.948</ele>
        <time>2026-07-26T09:42:51Z</time>
      </trkpt>
      <trkpt lat="59.921532757464917" lon="10.709857901462223">
        <ele>99.9945</ele>
        <time>2026-07-26T09:42:52Z</time>
      </trkpt>
      <trkpt lat="59.921496382594462" lon="10.709785623181915">
        <ele>100.017</ele>
        <time>2026-07-26T09:42:53Z</time>
      </trkpt>
      <trkpt lat="59.921461045557948" lon="10.709713853976607">
        <ele>100.044</ele>
        <time>2026-07-26T09:42:54Z</time>
      </trkpt>
      <trkpt lat="59.921425389128309" lon="10.709644068782856">
        <ele>99.9793</ele>
        <time>2026-07-26T09:42:55Z</time>
      </trkpt>
      <trkpt lat="59.921387734844664" lon="10.709579292263989">
        <ele>99.8169</ele>
        <time>2026-07-26T09:42:56Z</time>
      </trkpt>
      <trkpt lat="59.921349689971812" lon="10.709517220171918">
        <ele>99.6253</ele>
        <time>2026-07-26T09:42:57Z</time>
      </trkpt>
      <trkpt lat="59.921312310616585" lon="10.709454804174667">
        <ele>99.4151</ele>
        <time>2026-07-26T09:42:58Z</time>
      </trkpt>
      <trkpt lat="59.921276011959776" lon="10.709392323524176">
        <ele>99.1664</ele>
        <time>2026-07-26T09:42:59Z</time>
      </trkpt>
      <trkpt lat="59.921240734569857" lon="10.709329731697776">
        <ele>98.9316</ele>
        <time>2026-07-26T09:43:00Z</time>
      </trkpt>
      <trkpt lat="59.92120550889576" lon="10.709267313189066">
        <ele>98.7359</ele>
        <time>2026-07-26T09:43:01Z</time>
      </trkpt>
      <trkpt lat="59.921169399968022" lon="10.709206226016052">
        <ele>98.4862</ele>
        <time>2026-07-26T09:43:02Z</time>
      </trkpt>
      <trkpt lat="59.921132168485151" lon="10.709146615622243">
        <ele>98.1489</ele>
        <time>2026-07-26T09:43:03Z</time>
      </trkpt>
      <trkpt lat="59.921094540898913" lon="10.709089039388672">
        <ele>97.8845</ele>
        <time>2026-07-26T09:43:04Z</time>
      </trkpt>
      <trkpt lat="59.921057092363725" lon="10.709033318412377">
        <ele>97.5717</ele>
        <time>2026-07-26T09:43:05Z</time>
      </trkpt>
      <trkpt lat="59.921020468545308" lon="10.708978348635014">
        <ele>97.2702</ele>
        <time>2026-07-26T09:43:06Z</time>
      </trkpt>
      <trkpt lat="59.920984490486042" lon="10.708923267725529">
        <ele>96.9975</ele>
        <time>2026-07-26T09:43:07Z</time>
      </trkpt>
      <trkpt lat="59.920948967473478" lon="10.708868010744649">
        <ele>96.7581</ele>
        <time>2026-07-26T09:43:08Z</time>
      </trkpt>
      <trkpt lat="59.920913614244576" lon="10.708813282787851">
        <ele>96.4929</ele>
        <time>2026-07-26T09:43:09Z</time>
      </trkpt>
      <trkpt lat="59.920878215446074" lon="10.708758929327335">
        <ele>96.244</ele>
        <time>2026-07-26T09:43:10Z</time>
      </trkpt>
      <trkpt lat="59.920842724031523" lon="10.708704596837787">
        <ele>96.0281</ele>
        <time>2026-07-26T09:43:11Z</time>
      </trkpt>
      <trkpt lat="59.920807916010254" lon="10.708649201280128">
        <ele>95.8298</ele>
        <time>2026-07-26T09:43:12Z</time>
      </trkpt>
      <trkpt lat="59.92077344874469" lon="10.708592677780308">
        <ele>95.6569</ele>
        <time>2026-07-26T09:43:13Z</time>
      </trkpt>
      <trkpt lat="59.920738275879252" lon="10.708537936217644">
        <ele>95.5212</ele>
        <time>2026-07-26T09:43:14Z</time>
      </trkpt>
      <trkpt lat="59.920702617041869" lon="10.708485104898235">
        <ele>95.4236</ele>
        <time>2026-07-26T09:43:15Z</time>
      </trkpt>
      <trkpt lat="59.920667150178872" lon="10.708430589234643">
        <ele>95.3749</ele>
        <time>2026-07-26T09:43:16Z</time>
      </trkpt>
      <trkpt lat="59.920632915578594" lon="10.708371692736662">
        <ele>95.2734</ele>
        <time>2026-07-26T09:43:17Z</time>
      </trkpt>
      <trkpt lat="59.920599432221536" lon="10.708310001691379">
        <ele>95.2029</ele>
        <time>2026-07-26T09:43:18Z</time>
      </trkpt>
      <trkpt lat="59.92056565421958" lon="10.708247640749063">
        <ele>95.13</ele>
        <time>2026-07-26T09:43:19Z</time>
      </trkpt>
      <trkpt lat="59.920530840449615" lon="10.708187967712984">
        <ele>95.0802</ele>
        <time>2026-07-26T09:43:20Z</time>
      </trkpt>
      <trkpt lat="59.920495213356524" lon="10.708130495934281">
        <ele>95.064</ele>
        <time>2026-07-26T09:43:21Z</time>
      </trkpt>
      <trkpt lat="59.920459519262629" lon="10.708075240617962">
        <ele>95.0487</ele>
        <time>2026-07-26T09:43:22Z</time>
      </trkpt>
      <trkpt lat="59.920424960486216" lon="10.708019508159873">
        <ele>95.0305</ele>
        <time>2026-07-26T09:43:23Z</time>
      </trkpt>
      <trkpt lat="59.920392413361952" lon="10.707963033739926">
        <ele>95.0407</ele>
        <time>2026-07-26T09:43:24Z</time>
      </trkpt>
      <trkpt lat="59.920361707047604" lon="10.70790766078049">
        <ele>94.9372</ele>
        <time>2026-07-26T09:43:25Z</time>
      </trkpt>
      <trkpt lat="59.920333544973666" lon="10.707854093173959">
        <ele>94.894</ele>
        <time>2026-07-26T09:43:26Z</time>
      </trkpt>
      <trkpt lat="59.920309612201414" lon="10.707805784721753">
        <ele>94.9222</ele>
        <time>2026-07-26T09:43:27Z</time>
      </trkpt>
      <trkpt lat="59.920291352173919" lon="10.707753790453813">
        <ele>94.9687</ele>
        <time>2026-07-26T09:43:28Z</time>
      </trkpt>
      <trkpt lat="59.920281487144415" lon="10.707699064188544">
        <ele>95.0603</ele>
        <time>2026-07-26T09:43:29Z</time>
      </trkpt>
      <trkpt lat="59.920277918782041" lon="10.707642902303521">
        <ele>95.0515</ele>
        <time>2026-07-26T09:43:30Z</time>
      </trkpt>
      <trkpt lat="59.920283751442774" lon="10.707584943133453">
        <ele>95.0296</ele>
        <time>2026-07-26T09:43:31Z</time>
      </trkpt>
      <trkpt lat="59.92029916143737" lon="10.707525944008793">
        <ele>95.265</ele>
        <time>2026-07-26T09:43:32Z</time>
      </trkpt>
      <trkpt lat="59.920326079026005" lon="10.707468992608945">
        <ele>95.4718</ele>
        <time>2026-07-26T09:43:33Z</time>
      </trkpt>
      <trkpt lat="59.920363010763005" lon="10.707415196801367">
        <ele>95.6628</ele>
        <time>2026-07-26T09:43:34Z</time>
      </trkpt>
      <trkpt lat="59.920407259431315" lon="10.707361790859995">
        <ele>95.8516</ele>
        <time>2026-07-26T09:43:35Z</time>
      </trkpt>
      <trkpt lat="59.920456139348587" lon="10.707309861207078">
        <ele>96.0393</ele>
        <time>2026-07-26T09:43:36Z</time>
      </trkpt>
      <trkpt lat="59.920508429027088" lon="10.707258610779109">
        <ele>96.2009</ele>
        <time>2026-07-26T09:43:37Z</time>
      </trkpt>
      <trkpt lat="59.920562979860115" lon="10.707208089409457">
        <ele>96.3836</ele>
        <time>2026-07-26T09:43:38Z</time>
      </trkpt>
      <trkpt lat="59.920619110102862" lon="10.707155886134514">
        <ele>96.6166</ele>
        <time>2026-07-26T09:43:39Z</time>
      </trkpt>
      <trkpt lat="59.920675813386893" lon="10.70710008928906">
        <ele>96.8285</ele>
        <time>2026-07-26T09:43:40Z</time>
      </trkpt>
      <trkpt lat="59.920731914143374" lon="10.707043714958514">
        <ele>96.9523</ele>
        <time>2026-07-26T09:43:41Z</time>
      </trkpt>
      <trkpt lat="59.920786597560628" lon="10.706986695688979">
        <ele>97.0186</ele>
        <time>2026-07-26T09:43:42Z</time>
      </trkpt>
      <trkpt lat="59.92083971186635" lon="10.706930339555505">
        <ele>97.0623</ele>
        <time>2026-07-26T09:43:43Z</time>
      </trkpt>
      <trkpt lat="59.92089119122295" lon="10.706875544830776">
        <ele>97.0987</ele>
        <time>2026-07-26T09:43:44Z</time>
      </trkpt>
      <trkpt lat="59.920942221828135" lon="10.706820010849299">
        <ele>97.1427</ele>
        <time>2026-07-26T09:43:45Z</time>
      </trkpt>
      <trkpt lat="59.920993184080885" lon="10.706764734420011">
        <ele>97.1123</ele>
        <time>2026-07-26T09:43:46Z</time>
      </trkpt>
      <trkpt lat="59.921045275197351" lon="10.706706378613081">
        <ele>97.0738</ele>
        <time>2026-07-26T09:43:47Z</time>
      </trkpt>
      <trkpt lat="59.921098791124408" lon="10.706645182182317">
        <ele>97.0542</ele>
        <time>2026-07-26T09:43:48Z</time>
      </trkpt>
      <trkpt lat="59.921152095626731" lon="10.706581629924058">
        <ele>97.1392</ele>
        <time>2026-07-26T09:43:49Z</time>
      </trkpt>
      <trkpt lat="59.921203363381068" lon="10.706516820488829">
        <ele>97.2446</ele>
        <time>2026-07-26T09:43:50Z</time>
      </trkpt>
      <trkpt lat="59.921254074376279" lon="10.706450398067382">
        <ele>97.335</ele>
        <time>2026-07-26T09:43:51Z</time>
      </trkpt>
      <trkpt lat="59.921305166009901" lon="10.706381812619307">
        <ele>97.3988</ele>
        <time>2026-07-26T09:43:52Z</time>
      </trkpt>
      <trkpt lat="59.92135663154167" lon="10.706309525160895">
        <ele>97.4379</ele>
        <time>2026-07-26T09:43:53Z</time>
      </trkpt>
      <trkpt lat="59.921407843260312" lon="10.706235696966584">
        <ele>97.5131</ele>
        <time>2026-07-26T09:43:54Z</time>
      </trkpt>
      <trkpt lat="59.921458030933614" lon="10.706162622664474">
        <ele>97.5744</ele>
        <time>2026-07-26T09:43:55Z</time>
      </trkpt>
      <trkpt lat="59.921506851677364" lon="10.706091256072963">
        <ele>97.6073</ele>
        <time>2026-07-26T09:43:56Z</time>
      </trkpt>
      <trkpt lat="59.921554799543934" lon="10.706020603068108">
        <ele>97.6604</ele>
        <time>2026-07-26T09:43:57Z</time>
      </trkpt>
      <trkpt lat="59.921602073928803" lon="10.705950913813249">
        <ele>97.6968</ele>
        <time>2026-07-26T09:43:58Z</time>
      </trkpt>
      <trkpt lat="59.921649158925689" lon="10.705880644459119">
        <ele>97.7187</ele>
        <time>2026-07-26T09:43:59Z</time>
      </trkpt>
      <trkpt lat="59.921695928044564" lon="10.705810032645163">
        <ele>97.7195</ele>
        <time>2026-07-26T09:44:00Z</time>
      </trkpt>
      <trkpt lat="59.921741881896928" lon="10.705739780794174">
        <ele>97.6631</ele>
        <time>2026-07-26T09:44:01Z</time>
      </trkpt>
      <trkpt lat="59.921786870739197" lon="10.705671698128485">
        <ele>97.5895</ele>
        <time>2026-07-26T09:44:02Z</time>
      </trkpt>
      <trkpt lat="59.921830589906854" lon="10.705606032939228">
        <ele>97.5461</ele>
        <time>2026-07-26T09:44:03Z</time>
      </trkpt>
      <trkpt lat="59.921874238724321" lon="10.705539557831466">
        <ele>97.5217</ele>
        <time>2026-07-26T09:44:04Z</time>
      </trkpt>
      <trkpt lat="59.921918708298897" lon="10.705471867089743">
        <ele>97.4865</ele>
        <time>2026-07-26T09:44:05Z</time>
      </trkpt>
      <trkpt lat="59.921963564097538" lon="10.705404870519617">
        <ele>97.4592</ele>
        <time>2026-07-26T09:44:06Z</time>
      </trkpt>
      <trkpt lat="59.922007769481695" lon="10.705339490101677">
        <ele>97.4416</ele>
        <time>2026-07-26T09:44:07Z</time>
      </trkpt>
      <trkpt lat="59.922051676066239" lon="10.705275024815364">
        <ele>97.4566</ele>
        <time>2026-07-26T09:44:08Z</time>
      </trkpt>
      <trkpt lat="59.922095605391263" lon="10.705211315135012">
        <ele>97.4592</ele>
        <time>2026-07-26T09:44:09Z</time>
      </trkpt>
      <trkpt lat="59.922139578535905" lon="10.705149610627586">
        <ele>97.4636</ele>
        <time>2026-07-26T09:44:10Z</time>
      </trkpt>
      <trkpt lat="59.922183094754729" lon="10.70509122280858">
        <ele>97.4646</ele>
        <time>2026-07-26T09:44:11Z</time>
      </trkpt>
      <trkpt lat="59.922225724049277" lon="10.705036232345165">
        <ele>97.4965</ele>
        <time>2026-07-26T09:44:12Z</time>
      </trkpt>
      <trkpt lat="59.92226793112318" lon="10.704988033735329">
        <ele>97.5463</ele>
        <time>2026-07-26T09:44:13Z</time>
      </trkpt>
      <trkpt lat="59.922309098618292" lon="10.704950808045888">
        <ele>97.581</ele>
        <time>2026-07-26T09:44:14Z</time>
      </trkpt>
      <trkpt lat="59.922350912718485" lon="10.704925717872976">
        <ele>97.5682</ele>
        <time>2026-07-26T09:44:15Z</time>
      </trkpt>
      <trkpt lat="59.92239356261944" lon="10.704918165908492">
        <ele>97.5144</ele>
        <time>2026-07-26T09:44:16Z</time>
      </trkpt>
      <trkpt lat="59.922437481586392" lon="10.704930105960324">
        <ele>97.4425</ele>
        <time>2026-07-26T09:44:17Z</time>
      </trkpt>
      <trkpt lat="59.922482271978041" lon="10.704958636618791">
        <ele>97.4011</ele>
        <time>2026-07-26T09:44:18Z</time>
      </trkpt>
      <trkpt lat="59.922528128894271" lon="10.704998474994953">
        <ele>97.4053</ele>
        <time>2026-07-26T09:44:19Z</time>
      </trkpt>
      <trkpt lat="59.92257525389855" lon="10.705042984936597">
        <ele>97.4289</ele>
        <time>2026-07-26T09:44:20Z</time>
      </trkpt>
      <trkpt lat="59.922622923725754" lon="10.705089149245639">
        <ele>97.4491</ele>
        <time>2026-07-26T09:44:21Z</time>
      </trkpt>
      <trkpt lat="59.922671837609833" lon="10.705135067879244">
        <ele>97.4354</ele>
        <time>2026-07-26T09:44:22Z</time>
      </trkpt>
      <trkpt lat="59.922721577091515" lon="10.705177501567672">
        <ele>97.4109</ele>
        <time>2026-07-26T09:44:23Z</time>
      </trkpt>
      <trkpt lat="59.922771979735884" lon="10.705214202555473">
        <ele>97.4223</ele>
        <time>2026-07-26T09:44:24Z</time>
      </trkpt>
      <trkpt lat="59.922822953082679" lon="10.705248099975051">
        <ele>97.4129</ele>
        <time>2026-07-26T09:44:25Z</time>
      </trkpt>
      <trkpt lat="59.922873957289916" lon="10.705282963013302">
        <ele>97.4027</ele>
        <time>2026-07-26T09:44:26Z</time>
      </trkpt>
      <trkpt lat="59.922923831712474" lon="10.70532413218692">
        <ele>97.4106</ele>
        <time>2026-07-26T09:44:27Z</time>
      </trkpt>
      <trkpt lat="59.922971444896135" lon="10.705375802832721">
        <ele>97.4342</ele>
        <time>2026-07-26T09:44:28Z</time>
      </trkpt>
      <trkpt lat="59.923017158114071" lon="10.705437798260077">
        <ele>97.4956</ele>
        <time>2026-07-26T09:44:29Z</time>
      </trkpt>
      <trkpt lat="59.923062202480487" lon="10.705508982848926">
        <ele>97.5665</ele>
        <time>2026-07-26T09:44:30Z</time>
      </trkpt>
      <trkpt lat="59.923106883527922" lon="10.705587263606896">
        <ele>97.6846</ele>
        <time>2026-07-26T09:44:31Z</time>
      </trkpt>
      <trkpt lat="59.923151009598925" lon="10.705671351782726">
        <ele>97.7794</ele>
        <time>2026-07-26T09:44:32Z</time>
      </trkpt>
      <trkpt lat="59.923194685109813" lon="10.705760287991536">
        <ele>97.828</ele>
        <time>2026-07-26T09:44:33Z</time>
      </trkpt>
      <trkpt lat="59.923238052878915" lon="10.705852282710731">
        <ele>97.8778</ele>
        <time>2026-07-26T09:44:34Z</time>
      </trkpt>
      <trkpt lat="59.923281195191421" lon="10.705946302232782">
        <ele>97.9032</ele>
        <time>2026-07-26T09:44:35Z</time>
      </trkpt>
      <trkpt lat="59.923324440475554" lon="10.70604016641807">
        <ele>97.9356</ele>
        <time>2026-07-26T09:44:36Z</time>
      </trkpt>
      <trkpt lat="59.923367660958107" lon="10.706133963733695">
        <ele>98.0026</ele>
        <time>2026-07-26T09:44:37Z</time>
      </trkpt>
      <trkpt lat="59.923410830616646" lon="10.70622747764399">
        <ele>98.2105</ele>
        <time>2026-07-26T09:44:38Z</time>
      </trkpt>
      <trkpt lat="59.923453911679673" lon="10.706319768027793">
        <ele>98.4204</ele>
        <time>2026-07-26T09:44:39Z</time>
      </trkpt>
      <trkpt lat="59.923497116371308" lon="10.706411006998852">
        <ele>98.593</ele>
        <time>2026-07-26T09:44:40Z</time>
      </trkpt>
      <trkpt lat="59.923539858533665" lon="10.706500206866213">
        <ele>98.7557</ele>
        <time>2026-07-26T09:44:41Z</time>
      </trkpt>
      <trkpt lat="59.923582074927978" lon="10.706587168876984">
        <ele>98.8363</ele>
        <time>2026-07-26T09:44:42Z</time>
      </trkpt>
      <trkpt lat="59.923624376480596" lon="10.706674313893249">
        <ele>98.8606</ele>
        <time>2026-07-26T09:44:43Z</time>
      </trkpt>
      <trkpt lat="59.923666681042882" lon="10.706760596814423">
        <ele>98.8523</ele>
        <time>2026-07-26T09:44:44Z</time>
      </trkpt>
      <trkpt lat="59.923708885292882" lon="10.706847121968105">
        <ele>98.758</ele>
        <time>2026-07-26T09:44:45Z</time>
      </trkpt>
      <trkpt lat="59.923751809068477" lon="10.706932188654848">
        <ele>98.5805</ele>
        <time>2026-07-26T09:44:46Z</time>
      </trkpt>
      <trkpt lat="59.923793962260824" lon="10.70701533645788">
        <ele>98.455</ele>
        <time>2026-07-26T09:44:47Z</time>
      </trkpt>
      <trkpt lat="59.923835784003856" lon="10.707096193306256">
        <ele>98.3841</ele>
        <time>2026-07-26T09:44:48Z</time>
      </trkpt>
      <trkpt lat="59.923877319047619" lon="10.707175169994796">
        <ele>98.335</ele>
        <time>2026-07-26T09:44:49Z</time>
      </trkpt>
      <trkpt lat="59.923919916144953" lon="10.707252674626263">
        <ele>98.3484</ele>
        <time>2026-07-26T09:44:50Z</time>
      </trkpt>
      <trkpt lat="59.923963554484224" lon="10.707328719428929">
        <ele>98.4096</ele>
        <time>2026-07-26T09:44:51Z</time>
      </trkpt>
      <trkpt lat="59.92400832081362" lon="10.707404534613453">
        <ele>98.4804</ele>
        <time>2026-07-26T09:44:52Z</time>
      </trkpt>
      <trkpt lat="59.924053558291469" lon="10.707480358581863">
        <ele>98.4997</ele>
        <time>2026-07-26T09:44:53Z</time>
      </trkpt>
      <trkpt lat="59.924099569904755" lon="10.707555917228847">
        <ele>98.5301</ele>
        <time>2026-07-26T09:44:54Z</time>
      </trkpt>
      <trkpt lat="59.924146479202193" lon="10.707632400058083">
        <ele>98.615</ele>
        <time>2026-07-26T09:44:55Z</time>
      </trkpt>
      <trkpt lat="59.924193686804905" lon="10.707710902545852">
        <ele>98.7141</ele>
        <time>2026-07-26T09:44:56Z</time>
      </trkpt>
      <trkpt lat="59.924240906334148" lon="10.707790483442476">
        <ele>98.8321</ele>
        <time>2026-07-26T09:44:57Z</time>
      </trkpt>
      <trkpt lat="59.924287141330375" lon="10.70786885587092">
        <ele>98.9901</ele>
        <time>2026-07-26T09:44:58Z</time>
      </trkpt>
      <trkpt lat="59.92433170555578" lon="10.707944182817741">
        <ele>99.1338</ele>
        <time>2026-07-26T09:44:59Z</time>
      </trkpt>
      <trkpt lat="59.924373835292194" lon="10.708014978377856">
        <ele>99.2793</ele>
        <time>2026-07-26T09:45:00Z</time>
      </trkpt>
      <trkpt lat="59.924412837815083" lon="10.708080874881698">
        <ele>99.4209</ele>
        <time>2026-07-26T09:45:01Z</time>
      </trkpt>
      <trkpt lat="59.924448186648114" lon="10.708141069310885">
        <ele>99.5609</ele>
        <time>2026-07-26T09:45:02Z</time>
      </trkpt>
      <trkpt lat="59.924480375956783" lon="10.708197091059819">
        <ele>99.6736</ele>
        <time>2026-07-26T09:45:03Z</time>
      </trkpt>
      <trkpt lat="59.924510422617061" lon="10.708249259970954">
        <ele>99.7695</ele>
        <time>2026-07-26T09:45:04Z</time>
      </trkpt>
      <trkpt lat="59.924538455751708" lon="10.708296901529918">
        <ele>99.8494</ele>
        <time>2026-07-26T09:45:05Z</time>
      </trkpt>
      <trkpt lat="59.924564482388703" lon="10.708341346897495">
        <ele>99.9269</ele>
        <time>2026-07-26T09:45:06Z</time>
      </trkpt>
      <trkpt lat="59.924589643212634" lon="10.70838519225847">
        <ele>100.015</ele>
        <time>2026-07-26T09:45:07Z</time>
      </trkpt>
      <trkpt lat="59.924614681289853" lon="10.708429344905712">
        <ele>100.111</ele>
        <time>2026-07-26T09:45:08Z</time>
      </trkpt>
      <trkpt lat="59.92464029736125" lon="10.708473978163441">
        <ele>100.204</ele>
        <time>2026-07-26T09:45:09Z</time>
      </trkpt>
      <trkpt lat="59.924666364712103" lon="10.708519384237375">
        <ele>100.218</ele>
        <time>2026-07-26T09:45:10Z</time>
      </trkpt>
      <trkpt lat="59.924692595979671" lon="10.708565508205487">
        <ele>100.246</ele>
        <time>2026-07-26T09:45:11Z</time>
      </trkpt>
      <trkpt lat="59.924718535017064" lon="10.708611473847348">
        <ele>100.226</ele>
        <time>2026-07-26T09:45:12Z</time>
      </trkpt>
      <trkpt lat="59.924745975202455" lon="10.708659103660439">
        <ele>100.294</ele>
        <time>2026-07-26T09:45:13Z</time>
      </trkpt>
      <trkpt lat="59.924775132678008" lon="10.708709945892299">
        <ele>100.358</ele>
        <time>2026-07-26T09:45:14Z</time>
      </trkpt>
      <trkpt lat="59.924805739308034" lon="10.708763893601374">
        <ele>100.391</ele>
        <time>2026-07-26T09:45:15Z</time>
      </trkpt>
      <trkpt lat="59.9248378298104" lon="10.708819254793434">
        <ele>100.406</ele>
        <time>2026-07-26T09:45:16Z</time>
      </trkpt>
      <trkpt lat="59.92487051464763" lon="10.70887618027276">
        <ele>100.429</ele>
        <time>2026-07-26T09:45:17Z</time>
      </trkpt>
      <trkpt lat="59.924903530782203" lon="10.708934319878036">
        <ele>100.491</ele>
        <time>2026-07-26T09:45:18Z</time>
      </trkpt>
      <trkpt lat="59.924936848044133" lon="10.708994165497645">
        <ele>100.542</ele>
        <time>2026-07-26T09:45:19Z</time>
      </trkpt>
      <trkpt lat="59.924970344936852" lon="10.709054989638174">
        <ele>100.615</ele>
        <time>2026-07-26T09:45:20Z</time>
      </trkpt>
      <trkpt lat="59.925003815742272" lon="10.709115427513586">
        <ele>100.637</ele>
        <time>2026-07-26T09:45:21Z</time>
      </trkpt>
      <trkpt lat="59.925037067952566" lon="10.709175112748177">
        <ele>100.701</ele>
        <time>2026-07-26T09:45:22Z</time>
      </trkpt>
      <trkpt lat="59.925068704372151" lon="10.709233351115701">
        <ele>100.819</ele>
        <time>2026-07-26T09:45:23Z</time>
      </trkpt>
      <trkpt lat="59.925097730778532" lon="10.709288691293834">
        <ele>100.941</ele>
        <time>2026-07-26T09:45:24Z</time>
      </trkpt>
      <trkpt lat="59.925123353542169" lon="10.709337899488297">
        <ele>101.191</ele>
        <time>2026-07-26T09:45:25Z</time>
      </trkpt>
      <trkpt lat="59.925143714748977" lon="10.709378276180257">
        <ele>101.441</ele>
        <time>2026-07-26T09:45:26Z</time>
      </trkpt>
      <trkpt lat="59.925161210037565" lon="10.709398680794573">
        <ele>102.056</ele>
        <time>2026-07-26T09:45:34Z</time>
      </trkpt>
      <trkpt lat="59.925175288747241" lon="10.709412897336316">
        <ele>102.617</ele>
        <time>2026-07-26T09:45:35Z</time>
      </trkpt>
      <trkpt lat="59.9251897269625" lon="10.709428409531963">
        <ele>103.018</ele>
        <time>2026-07-26T09:45:36Z</time>
      </trkpt>
      <trkpt lat="59.92520769158785" lon="10.709451364349462">
        <ele>103.367</ele>
        <time>2026-07-26T09:45:37Z</time>
      </trkpt>
      <trkpt lat="59.925228714743135" lon="10.709481529368647">
        <ele>103.638</ele>
        <time>2026-07-26T09:45:38Z</time>
      </trkpt>
      <trkpt lat="59.925253239609006" lon="10.709520663663405">
        <ele>103.849</ele>
        <time>2026-07-26T09:45:39Z</time>
      </trkpt>
      <trkpt lat="59.925280221334482" lon="10.709565879775141">
        <ele>104.051</ele>
        <time>2026-07-26T09:45:40Z</time>
      </trkpt>
      <trkpt lat="59.925309973623825" lon="10.709615322609162">
        <ele>104.276</ele>
        <time>2026-07-26T09:45:41Z</time>
      </trkpt>
      <trkpt lat="59.925340419336287" lon="10.70966737641392">
        <ele>104.359</ele>
        <time>2026-07-26T09:45:42Z</time>
      </trkpt>
      <trkpt lat="59.925372534175743" lon="10.709722755297419">
        <ele>104.396</ele>
        <time>2026-07-26T09:45:43Z</time>
      </trkpt>
      <trkpt lat="59.92540521652429" lon="10.709779957899382">
        <ele>104.41</ele>
        <time>2026-07-26T09:45:44Z</time>
      </trkpt>
      <trkpt lat="59.925438183039667" lon="10.709837061707388">
        <ele>104.413</ele>
        <time>2026-07-26T09:45:45Z</time>
      </trkpt>
      <trkpt lat="59.92547207762582" lon="10.709895427385877">
        <ele>104.349</ele>
        <time>2026-07-26T09:45:46Z</time>
      </trkpt>
      <trkpt lat="59.925506828609329" lon="10.709956733704976">
        <ele>104.296</ele>
        <time>2026-07-26T09:45:47Z</time>
      </trkpt>
      <trkpt lat="59.925543014673785" lon="10.71002151599069">
        <ele>104.242</ele>
        <time>2026-07-26T09:45:48Z</time>
      </trkpt>
      <trkpt lat="59.92558018656343" lon="10.71008817605504">
        <ele>104.221</ele>
        <time>2026-07-26T09:45:49Z</time>
      </trkpt>
      <trkpt lat="59.925616666665299" lon="10.710154880323177">
        <ele>104.256</ele>
        <time>2026-07-26T09:45:50Z</time>
      </trkpt>
      <trkpt lat="59.925653099391873" lon="10.71022139984699">
        <ele>104.287</ele>
        <time>2026-07-26T09:45:51Z</time>
      </trkpt>
      <trkpt lat="59.925689180034553" lon="10.710287981536009">
        <ele>104.298</ele>
        <time>2026-07-26T09:45:52Z</time>
      </trkpt>
      <trkpt lat="59.925725206398404" lon="10.710354522013596">
        <ele>104.3</ele>
        <time>2026-07-26T09:45:53Z</time>
      </trkpt>
      <trkpt lat="59.925760821471023" lon="10.710420005958577">
        <ele>104.303</ele>
        <time>2026-07-26T09:45:54Z</time>
      </trkpt>
      <trkpt lat="59.925796727490393" lon="10.71048542712891">
        <ele>104.285</ele>
        <time>2026-07-26T09:45:55Z</time>
      </trkpt>
      <trkpt lat="59.925832700294499" lon="10.710549811399449">
        <ele>104.253</ele>
        <time>2026-07-26T09:45:56Z</time>
      </trkpt>
      <trkpt lat="59.925868779440066" lon="10.710613998570494">
        <ele>104.26</ele>
        <time>2026-07-26T09:45:57Z</time>
      </trkpt>
      <trkpt lat="59.925903161994235" lon="10.710676751081877">
        <ele>104.267</ele>
        <time>2026-07-26T09:45:58Z</time>
      </trkpt>
      <trkpt lat="59.925937327392546" lon="10.710737716977841">
        <ele>104.302</ele>
        <time>2026-07-26T09:45:59Z</time>
      </trkpt>
      <trkpt lat="59.925971684114238" lon="10.710797871488268">
        <ele>104.324</ele>
        <time>2026-07-26T09:46:00Z</time>
      </trkpt>
      <trkpt lat="59.926005886756613" lon="10.710857724216906">
        <ele>104.365</ele>
        <time>2026-07-26T09:46:01Z</time>
      </trkpt>
      <trkpt lat="59.926040009586046" lon="10.710917173389113">
        <ele>104.382</ele>
        <time>2026-07-26T09:46:02Z</time>
      </trkpt>
      <trkpt lat="59.926073563118457" lon="10.710976385661043">
        <ele>104.38</ele>
        <time>2026-07-26T09:46:03Z</time>
      </trkpt>
      <trkpt lat="59.926106623091329" lon="10.711036503307655">
        <ele>104.373</ele>
        <time>2026-07-26T09:46:04Z</time>
      </trkpt>
      <trkpt lat="59.926140074975294" lon="10.711096505959933">
        <ele>104.416</ele>
        <time>2026-07-26T09:46:05Z</time>
      </trkpt>
      <trkpt lat="59.926173108925397" lon="10.711156867557444">
        <ele>104.459</ele>
        <time>2026-07-26T09:46:06Z</time>
      </trkpt>
      <trkpt lat="59.92620637330451" lon="10.711217689100257">
        <ele>104.605</ele>
        <time>2026-07-26T09:46:07Z</time>
      </trkpt>
      <trkpt lat="59.926239767677956" lon="10.711278126958241">
        <ele>104.785</ele>
        <time>2026-07-26T09:46:08Z</time>
      </trkpt>
      <trkpt lat="59.926273030945147" lon="10.711338965885403">
        <ele>104.945</ele>
        <time>2026-07-26T09:46:09Z</time>
      </trkpt>
      <trkpt lat="59.926306820222933" lon="10.71139888853874">
        <ele>105.11</ele>
        <time>2026-07-26T09:46:10Z</time>
      </trkpt>
      <trkpt lat="59.92634113227772" lon="10.711456897498287">
        <ele>105.273</ele>
        <time>2026-07-26T09:46:11Z</time>
      </trkpt>
      <trkpt lat="59.926375762830347" lon="10.711513898781083">
        <ele>105.426</ele>
        <time>2026-07-26T09:46:12Z</time>
      </trkpt>
      <trkpt lat="59.926410832235526" lon="10.711569663396952">
        <ele>105.577</ele>
        <time>2026-07-26T09:46:13Z</time>
      </trkpt>
      <trkpt lat="59.92644611192619" lon="10.711625059903545">
        <ele>105.721</ele>
        <time>2026-07-26T09:46:14Z</time>
      </trkpt>
      <trkpt lat="59.926481608368682" lon="10.711679821587515">
        <ele>105.875</ele>
        <time>2026-07-26T09:46:15Z</time>
      </trkpt>
      <trkpt lat="59.92651741029669" lon="10.711733658235982">
        <ele>106.015</ele>
        <time>2026-07-26T09:46:16Z</time>
      </trkpt>
      <trkpt lat="59.926553463620856" lon="10.711786951208254">
        <ele>106.151</ele>
        <time>2026-07-26T09:46:16Z</time>
      </trkpt>
      <trkpt lat="59.92658939008458" lon="10.71184049765748">
        <ele>106.298</ele>
        <time>2026-07-26T09:46:17Z</time>
      </trkpt>
      <trkpt lat="59.92662524401635" lon="10.711894245103501">
        <ele>106.433</ele>
        <time>2026-07-26T09:46:18Z</time>
      </trkpt>
      <trkpt lat="59.926661165733414" lon="10.7119481209133">
        <ele>106.557</ele>
        <time>2026-07-26T09:46:19Z</time>
      </trkpt>
      <trkpt lat="59.926696556144925" lon="10.712001844607784">
        <ele>106.702</ele>
        <time>2026-07-26T09:46:20Z</time>
      </trkpt>
      <trkpt lat="59.926730600056835" lon="10.712054160543">
        <ele>106.854</ele>
        <time>2026-07-26T09:46:21Z</time>
      </trkpt>
      <trkpt lat="59.926761921129874" lon="10.712102660235191">
        <ele>106.994</ele>
        <time>2026-07-26T09:46:22Z</time>
      </trkpt>
      <trkpt lat="59.926789796347748" lon="10.712145311218489">
        <ele>107.15</ele>
        <time>2026-07-26T09:46:23Z</time>
      </trkpt>
      <trkpt lat="59.926813613038618" lon="10.712181330258526">
        <ele>107.287</ele>
        <time>2026-07-26T09:46:24Z</time>
      </trkpt>
      <trkpt lat="59.926834364878871" lon="10.712212377179458">
        <ele>107.452</ele>
        <time>2026-07-26T09:46:25Z</time>
      </trkpt>
      <trkpt lat="59.92685395043987" lon="10.71224132793648">
        <ele>107.641</ele>
        <time>2026-07-26T09:46:26Z</time>
      </trkpt>
      <trkpt lat="59.926874127578323" lon="10.712269556710357">
        <ele>107.801</ele>
        <time>2026-07-26T09:46:27Z</time>
      </trkpt>
      <trkpt lat="59.926894746912538" lon="10.712298034564265">
        <ele>107.936</ele>
        <time>2026-07-26T09:46:28Z</time>
      </trkpt>
      <trkpt lat="59.926915803138236" lon="10.712327984193207">
        <ele>108.052</ele>
        <time>2026-07-26T09:46:29Z</time>
      </trkpt>
      <trkpt lat="59.926935115059685" lon="10.712362551276209">
        <ele>108.152</ele>
        <time>2026-07-26T09:46:30Z</time>
      </trkpt>
      <trkpt lat="59.926949657345865" lon="10.712403319291132">
        <ele>108.249</ele>
        <time>2026-07-26T09:46:31Z</time>
      </trkpt>
      <trkpt lat="59.926956815799144" lon="10.712449689972489">
        <ele>108.344</ele>
        <time>2026-07-26T09:46:32Z</time>
      </trkpt>
      <trkpt lat="59.92695676769565" lon="10.712498989492383">
        <ele>108.424</ele>
        <time>2026-07-26T09:46:33Z</time>
      </trkpt>
      <trkpt lat="59.926951071177186" lon="10.712547599363292">
        <ele>108.55</ele>
        <time>2026-07-26T09:46:34Z</time>
      </trkpt>
      <trkpt lat="59.926940604354741" lon="10.712593045303755">
        <ele>108.763</ele>
        <time>2026-07-26T09:46:35Z</time>
      </trkpt>
      <trkpt lat="59.926925427157919" lon="10.712637979132397">
        <ele>109.04</ele>
        <time>2026-07-26T09:46:36Z</time>
      </trkpt>
      <trkpt lat="59.9269051233657" lon="10.712683768597064">
        <ele>109.33</ele>
        <time>2026-07-26T09:46:37Z</time>
      </trkpt>
      <trkpt lat="59.926875297754712" lon="10.71273086357821">
        <ele>109.378</ele>
        <time>2026-07-26T09:46:38Z</time>
      </trkpt>
      <trkpt lat="59.926843087885054" lon="10.712776497536531">
        <ele>109.476</ele>
        <time>2026-07-26T09:46:39Z</time>
      </trkpt>
      <trkpt lat="59.926807683703998" lon="10.712824844483031">
        <ele>109.507</ele>
        <time>2026-07-26T09:46:40Z</time>
      </trkpt>
      <trkpt lat="59.926770349312285" lon="10.712875235581686">
        <ele>109.664</ele>
        <time>2026-07-26T09:46:41Z</time>
      </trkpt>
      <trkpt lat="59.926730261386041" lon="10.71293443668627">
        <ele>109.841</ele>
        <time>2026-07-26T09:46:42Z</time>
      </trkpt>
      <trkpt lat="59.926688003653815" lon="10.713000672318223">
        <ele>109.957</ele>
        <time>2026-07-26T09:46:43Z</time>
      </trkpt>
      <trkpt lat="59.926644655796956" lon="10.713073352444118">
        <ele>110.08</ele>
        <time>2026-07-26T09:46:44Z</time>
      </trkpt>
      <trkpt lat="59.926601401671199" lon="10.71315129574074">
        <ele>110.123</ele>
        <time>2026-07-26T09:46:45Z</time>
      </trkpt>
      <trkpt lat="59.926554339404682" lon="10.713230021153523">
        <ele>110.112</ele>
        <time>2026-07-26T09:46:46Z</time>
      </trkpt>
      <trkpt lat="59.926507344423705" lon="10.713306882959564">
        <ele>109.994</ele>
        <time>2026-07-26T09:46:47Z</time>
      </trkpt>
      <trkpt lat="59.926461758135723" lon="10.713372362176804">
        <ele>109.846</ele>
        <time>2026-07-26T09:46:48Z</time>
      </trkpt>
      <trkpt lat="59.926419640788446" lon="10.713422445482321">
        <ele>109.711</ele>
        <time>2026-07-26T09:46:49Z</time>
      </trkpt>
      <trkpt lat="59.926384231644811" lon="10.713456204862121">
        <ele>109.644</ele>
        <time>2026-07-26T09:46:50Z</time>
      </trkpt>
      <trkpt lat="59.926356697859028" lon="10.713472494365391">
        <ele>109.554</ele>
        <time>2026-07-26T09:46:51Z</time>
      </trkpt>
      <trkpt lat="59.926334888323815" lon="10.713474063357735">
        <ele>109.432</ele>
        <time>2026-07-26T09:46:52Z</time>
      </trkpt>
      <trkpt lat="59.92631746682158" lon="10.713462128702629">
        <ele>109.306</ele>
        <time>2026-07-26T09:46:53Z</time>
      </trkpt>
      <trkpt lat="59.926303782306817" lon="10.713440063986253">
        <ele>109.166</ele>
        <time>2026-07-26T09:46:54Z</time>
      </trkpt>
      <trkpt lat="59.926293401111216" lon="10.713410198848775">
        <ele>109.107</ele>
        <time>2026-07-26T09:46:55Z</time>
      </trkpt>
      <trkpt lat="59.926284433415525" lon="10.713373797614345">
        <ele>109.089</ele>
        <time>2026-07-26T09:46:56Z</time>
      </trkpt>
      <trkpt lat="59.926274990832091" lon="10.713331945960777">
        <ele>109.118</ele>
        <time>2026-07-26T09:46:57Z</time>
      </trkpt>
      <trkpt lat="59.926263460566837" lon="10.713284419951833">
        <ele>109.133</ele>
        <time>2026-07-26T09:46:58Z</time>
      </trkpt>
      <trkpt lat="59.926248425616365" lon="10.713230590318942">
        <ele>109.162</ele>
        <time>2026-07-26T09:46:59Z</time>
      </trkpt>
      <trkpt lat="59.926229944823696" lon="10.713172294436118">
        <ele>109.186</ele>
        <time>2026-07-26T09:47:00Z</time>
      </trkpt>
      <trkpt lat="59.926208266252949" lon="10.713111226310771">
        <ele>109.212</ele>
        <time>2026-07-26T09:47:01Z</time>
      </trkpt>
      <trkpt lat="59.926184240312494" lon="10.713048481673273">
        <ele>109.224</ele>
        <time>2026-07-26T09:47:02Z</time>
      </trkpt>
      <trkpt lat="59.926158039567831" lon="10.712983975499741">
        <ele>109.254</ele>
        <time>2026-07-26T09:47:03Z</time>
      </trkpt>
      <trkpt lat="59.926130115542406" lon="10.712919372638044">
        <ele>109.325</ele>
        <time>2026-07-26T09:47:04Z</time>
      </trkpt>
      <trkpt lat="59.926100514316005" lon="10.712855481982569">
        <ele>109.4</ele>
        <time>2026-07-26T09:47:05Z</time>
      </trkpt>
      <trkpt lat="59.926069728672111" lon="10.71279200657821">
        <ele>109.483</ele>
        <time>2026-07-26T09:47:06Z</time>
      </trkpt>
      <trkpt lat="59.926038088727559" lon="10.712730371623868">
        <ele>109.569</ele>
        <time>2026-07-26T09:47:07Z</time>
      </trkpt>
      <trkpt lat="59.926005568604609" lon="10.712669708554701">
        <ele>109.618</ele>
        <time>2026-07-26T09:47:08Z</time>
      </trkpt>
      <trkpt lat="59.925973142792309" lon="10.71261241008256">
        <ele>109.649</ele>
        <time>2026-07-26T09:47:09Z</time>
      </trkpt>
      <trkpt lat="59.925941040103993" lon="10.712557604426062">
        <ele>109.671</ele>
        <time>2026-07-26T09:47:10Z</time>
      </trkpt>
      <trkpt lat="59.925909814309335" lon="10.712504972669459">
        <ele>109.679</ele>
        <time>2026-07-26T09:47:11Z</time>
      </trkpt>
      <trkpt lat="59.925880233675251" lon="10.712454686113652">
        <ele>109.73</ele>
        <time>2026-07-26T09:47:12Z</time>
      </trkpt>
      <trkpt lat="59.925852192587072" lon="10.712406662016427">
        <ele>109.77</ele>
        <time>2026-07-26T09:47:13Z</time>
      </trkpt>
      <trkpt lat="59.925825307392394" lon="10.712362915471477">
        <ele>109.791</ele>
        <time>2026-07-26T09:47:14Z</time>
      </trkpt>
      <trkpt lat="59.925798552355971" lon="10.712326441274588">
        <ele>109.782</ele>
        <time>2026-07-26T09:47:15Z</time>
      </trkpt>
      <trkpt lat="59.925771374153335" lon="10.712299564848088">
        <ele>109.781</ele>
        <time>2026-07-26T09:47:16Z</time>
      </trkpt>
      <trkpt lat="59.925743328073246" lon="10.712285527681155">
        <ele>109.738</ele>
        <time>2026-07-26T09:47:17Z</time>
      </trkpt>
      <trkpt lat="59.925713922264812" lon="10.712282505976113">
        <ele>109.676</ele>
        <time>2026-07-26T09:47:18Z</time>
      </trkpt>
      <trkpt lat="59.925683756435483" lon="10.712298562156095">
        <ele>109.669</ele>
        <time>2026-07-26T09:47:19Z</time>
      </trkpt>
      <trkpt lat="59.925654072432195" lon="10.712333706770215">
        <ele>109.631</ele>
        <time>2026-07-26T09:47:20Z</time>
      </trkpt>
      <trkpt lat="59.925623709430063" lon="10.712382846879329">
        <ele>109.632</ele>
        <time>2026-07-26T09:47:21Z</time>
      </trkpt>
      <trkpt lat="59.925591957333125" lon="10.712446706376353">
        <ele>109.637</ele>
        <time>2026-07-26T09:47:22Z</time>
      </trkpt>
      <trkpt lat="59.925560442980554" lon="10.712522760859596">
        <ele>109.683</ele>
        <time>2026-07-26T09:47:23Z</time>
      </trkpt>
      <trkpt lat="59.925528666643601" lon="10.712613585119842">
        <ele>109.695</ele>
        <time>2026-07-26T09:47:24Z</time>
      </trkpt>
      <trkpt lat="59.925497635199847" lon="10.712711939154294">
        <ele>109.815</ele>
        <time>2026-07-26T09:47:25Z</time>
      </trkpt>
      <trkpt lat="59.925467270527278" lon="10.712815216043197">
        <ele>109.949</ele>
        <time>2026-07-26T09:47:26Z</time>
      </trkpt>
      <trkpt lat="59.92543726238673" lon="10.712920096951834">
        <ele>110.01</ele>
        <time>2026-07-26T09:47:27Z</time>
      </trkpt>
      <trkpt lat="59.92540925057699" lon="10.713018823806522">
        <ele>110.097</ele>
        <time>2026-07-26T09:47:28Z</time>
      </trkpt>
      <trkpt lat="59.925381530587877" lon="10.713114022649627">
        <ele>110.275</ele>
        <time>2026-07-26T09:47:29Z</time>
      </trkpt>
      <trkpt lat="59.925354291834964" lon="10.713207095185581">
        <ele>110.524</ele>
        <time>2026-07-26T09:47:30Z</time>
      </trkpt>
      <trkpt lat="59.925326962718636" lon="10.713295007781987">
        <ele>110.76</ele>
        <time>2026-07-26T09:47:31Z</time>
      </trkpt>
      <trkpt lat="59.925301626745437" lon="10.713376461937957">
        <ele>111.019</ele>
        <time>2026-07-26T09:47:32Z</time>
      </trkpt>
      <trkpt lat="59.925277859013121" lon="10.713452494216396">
        <ele>111.292</ele>
        <time>2026-07-26T09:47:33Z</time>
      </trkpt>
      <trkpt lat="59.925255513104148" lon="10.713521918661515">
        <ele>111.572</ele>
        <time>2026-07-26T09:47:34Z</time>
      </trkpt>
      <trkpt lat="59.92523564801369" lon="10.713583560815003">
        <ele>111.775</ele>
        <time>2026-07-26T09:47:35Z</time>
      </trkpt>
      <trkpt lat="59.925217859680728" lon="10.713635136151012">
        <ele>111.866</ele>
        <time>2026-07-26T09:47:36Z</time>
      </trkpt>
      <trkpt lat="59.925201532401331" lon="10.71367739426948">
        <ele>112.075</ele>
        <time>2026-07-26T09:47:37Z</time>
      </trkpt>
      <trkpt lat="59.925188006028975" lon="10.713711188741126">
        <ele>112.066</ele>
        <time>2026-07-26T09:47:38Z</time>
      </trkpt>
      <trkpt lat="59.925182459397114" lon="10.713727171539906">
        <ele>112.289</ele>
        <time>2026-07-26T09:48:10Z</time>
      </trkpt>
      <trkpt lat="59.925176871025251" lon="10.713739891921513">
        <ele>112.469</ele>
        <time>2026-07-26T09:48:12Z</time>
      </trkpt>
      <trkpt lat="59.925169739672945" lon="10.713763252563972">
        <ele>112.596</ele>
        <time>2026-07-26T09:48:13Z</time>
      </trkpt>
      <trkpt lat="59.925162600215913" lon="10.713799245974593">
        <ele>112.7</ele>
        <time>2026-07-26T09:48:14Z</time>
      </trkpt>
      <trkpt lat="59.925159737358719" lon="10.713842000955555">
        <ele>112.76</ele>
        <time>2026-07-26T09:48:15Z</time>
      </trkpt>
      <trkpt lat="59.925163432436342" lon="10.713886802122145">
        <ele>112.827</ele>
        <time>2026-07-26T09:48:16Z</time>
      </trkpt>
      <trkpt lat="59.925175506806383" lon="10.713931652888473">
        <ele>112.863</ele>
        <time>2026-07-26T09:48:17Z</time>
      </trkpt>
      <trkpt lat="59.925195273262119" lon="10.713975006065207">
        <ele>112.832</ele>
        <time>2026-07-26T09:48:18Z</time>
      </trkpt>
      <trkpt lat="59.925221732472536" lon="10.71401551340116">
        <ele>112.791</ele>
        <time>2026-07-26T09:48:19Z</time>
      </trkpt>
      <trkpt lat="59.925254174024971" lon="10.714052882252593">
        <ele>112.759</ele>
        <time>2026-07-26T09:48:20Z</time>
      </trkpt>
      <trkpt lat="59.925290440886229" lon="10.714087890628832">
        <ele>112.688</ele>
        <time>2026-07-26T09:48:21Z</time>
      </trkpt>
      <trkpt lat="59.925328679643556" lon="10.714120327874333">
        <ele>112.57</ele>
        <time>2026-07-26T09:48:22Z</time>
      </trkpt>
      <trkpt lat="59.925368328544145" lon="10.714150131562919">
        <ele>112.698</ele>
        <time>2026-07-26T09:48:23Z</time>
      </trkpt>
      <trkpt lat="59.925410352277588" lon="10.714180745743436">
        <ele>112.811</ele>
        <time>2026-07-26T09:48:24Z</time>
      </trkpt>
      <trkpt lat="59.925452676639708" lon="10.714211082717085">
        <ele>112.949</ele>
        <time>2026-07-26T09:48:25Z</time>
      </trkpt>
      <trkpt lat="59.925493629237678" lon="10.714241057552162">
        <ele>113.101</ele>
        <time>2026-07-26T09:48:26Z</time>
      </trkpt>
      <trkpt lat="59.925533053012529" lon="10.714269321483455">
        <ele>113.2</ele>
        <time>2026-07-26T09:48:27Z</time>
      </trkpt>
      <trkpt lat="59.925572964948515" lon="10.71429882460933">
        <ele>113.349</ele>
        <time>2026-07-26T09:48:28Z</time>
      </trkpt>
      <trkpt lat="59.925612366774153" lon="10.71432736989661">
        <ele>113.481</ele>
        <time>2026-07-26T09:48:29Z</time>
      </trkpt>
      <trkpt lat="59.925651155435439" lon="10.714355597901367">
        <ele>113.554</ele>
        <time>2026-07-26T09:48:30Z</time>
      </trkpt>
      <trkpt lat="59.925689740290743" lon="10.714386148901617">
        <ele>113.695</ele>
        <time>2026-07-26T09:48:31Z</time>
      </trkpt>
      <trkpt lat="59.925732336039474" lon="10.714422908587361">
        <ele>113.774</ele>
        <time>2026-07-26T09:48:32Z</time>
      </trkpt>
      <trkpt lat="59.92577339140702" lon="10.714463175990048">
        <ele>113.823</ele>
        <time>2026-07-26T09:48:33Z</time>
      </trkpt>
      <trkpt lat="59.925813748385316" lon="10.714504435843164">
        <ele>113.917</ele>
        <time>2026-07-26T09:48:34Z</time>
      </trkpt>
      <trkpt lat="59.925854225146999" lon="10.714547304989022">
        <ele>114.044</ele>
        <time>2026-07-26T09:48:35Z</time>
      </trkpt>
      <trkpt lat="59.925893166431109" lon="10.714590779949926">
        <ele>114.191</ele>
        <time>2026-07-26T09:48:36Z</time>
      </trkpt>
      <trkpt lat="59.925936126297543" lon="10.714642605168699">
        <ele>114.265</ele>
        <time>2026-07-26T09:48:37Z</time>
      </trkpt>
      <trkpt lat="59.925981313615523" lon="10.714697577538805">
        <ele>114.264</ele>
        <time>2026-07-26T09:48:38Z</time>
      </trkpt>
      <trkpt lat="59.926026712866282" lon="10.714756486151465">
        <ele>114.247</ele>
        <time>2026-07-26T09:48:39Z</time>
      </trkpt>
      <trkpt lat="59.926071115111007" lon="10.714818838924483">
        <ele>114.183</ele>
        <time>2026-07-26T09:48:40Z</time>
      </trkpt>
      <trkpt lat="59.926116260747534" lon="10.714881323990346">
        <ele>114.045</ele>
        <time>2026-07-26T09:48:41Z</time>
      </trkpt>
      <trkpt lat="59.926160867146216" lon="10.714944041797416">
        <ele>113.81</ele>
        <time>2026-07-26T09:48:42Z</time>
      </trkpt>
      <trkpt lat="59.926208200710555" lon="10.715003594350087">
        <ele>113.637</ele>
        <time>2026-07-26T09:48:43Z</time>
      </trkpt>
      <trkpt lat="59.926257066111077" lon="10.715061451801951">
        <ele>113.531</ele>
        <time>2026-07-26T09:48:44Z</time>
      </trkpt>
      <trkpt lat="59.926308157660962" lon="10.715118089343898">
        <ele>113.379</ele>
        <time>2026-07-26T09:48:45Z</time>
      </trkpt>
      <trkpt lat="59.926359571959253" lon="10.715172375847226">
        <ele>113.176</ele>
        <time>2026-07-26T09:48:46Z</time>
      </trkpt>
      <trkpt lat="59.926411339135711" lon="10.715227486248436">
        <ele>113.049</ele>
        <time>2026-07-26T09:48:47Z</time>
      </trkpt>
      <trkpt lat="59.92646177610176" lon="10.715281053113641">
        <ele>113.026</ele>
        <time>2026-07-26T09:48:48Z</time>
      </trkpt>
      <trkpt lat="59.926511460138599" lon="10.715335976290815">
        <ele>113.09</ele>
        <time>2026-07-26T09:48:49Z</time>
      </trkpt>
      <trkpt lat="59.926559951546757" lon="10.71538945437087">
        <ele>113.186</ele>
        <time>2026-07-26T09:48:50Z</time>
      </trkpt>
      <trkpt lat="59.926606239777001" lon="10.715441963901037">
        <ele>113.324</ele>
        <time>2026-07-26T09:48:51Z</time>
      </trkpt>
      <trkpt lat="59.926647510740487" lon="10.715496309124598">
        <ele>113.57</ele>
        <time>2026-07-26T09:48:52Z</time>
      </trkpt>
      <trkpt lat="59.926683726533561" lon="10.715545786899472">
        <ele>113.843</ele>
        <time>2026-07-26T09:48:53Z</time>
      </trkpt>
      <trkpt lat="59.926711957329971" lon="10.715597073231367">
        <ele>114.136</ele>
        <time>2026-07-26T09:48:54Z</time>
      </trkpt>
      <trkpt lat="59.926732871357814" lon="10.71564758093256">
        <ele>114.411</ele>
        <time>2026-07-26T09:48:55Z</time>
      </trkpt>
      <trkpt lat="59.92674884929297" lon="10.715698570659256">
        <ele>114.644</ele>
        <time>2026-07-26T09:48:56Z</time>
      </trkpt>
      <trkpt lat="59.926761983858484" lon="10.715754957937778">
        <ele>114.819</ele>
        <time>2026-07-26T09:48:57Z</time>
      </trkpt>
      <trkpt lat="59.926770716616886" lon="10.715819978485571">
        <ele>115.003</ele>
        <time>2026-07-26T09:48:58Z</time>
      </trkpt>
      <trkpt lat="59.926776447267208" lon="10.715893540598465">
        <ele>115.218</ele>
        <time>2026-07-26T09:48:59Z</time>
      </trkpt>
      <trkpt lat="59.926779985839694" lon="10.715974360516288">
        <ele>115.437</ele>
        <time>2026-07-26T09:49:00Z</time>
      </trkpt>
      <trkpt lat="59.926780981868184" lon="10.71605802369765">
        <ele>115.644</ele>
        <time>2026-07-26T09:49:01Z</time>
      </trkpt>
      <trkpt lat="59.926779772600476" lon="10.716138827512012">
        <ele>115.881</ele>
        <time>2026-07-26T09:49:02Z</time>
      </trkpt>
      <trkpt lat="59.926777307387205" lon="10.716214912152912">
        <ele>116.146</ele>
        <time>2026-07-26T09:49:03Z</time>
      </trkpt>
      <trkpt lat="59.926774291428885" lon="10.716289469599385">
        <ele>116.427</ele>
        <time>2026-07-26T09:49:04Z</time>
      </trkpt>
      <trkpt lat="59.926771670967995" lon="10.716364371027444">
        <ele>116.711</ele>
        <time>2026-07-26T09:49:05Z</time>
      </trkpt>
      <trkpt lat="59.926769870070387" lon="10.71644031139779">
        <ele>117.015</ele>
        <time>2026-07-26T09:49:06Z</time>
      </trkpt>
      <trkpt lat="59.926768818094693" lon="10.716515240171502">
        <ele>117.319</ele>
        <time>2026-07-26T09:49:07Z</time>
      </trkpt>
      <trkpt lat="59.926768791693142" lon="10.716589244147251">
        <ele>117.581</ele>
        <time>2026-07-26T09:49:08Z</time>
      </trkpt>
      <trkpt lat="59.926768757449885" lon="10.716662588384327">
        <ele>117.819</ele>
        <time>2026-07-26T09:49:09Z</time>
      </trkpt>
      <trkpt lat="59.926769509557573" lon="10.71673547813703">
        <ele>117.988</ele>
        <time>2026-07-26T09:49:10Z</time>
      </trkpt>
      <trkpt lat="59.926772178893245" lon="10.716807945658394">
        <ele>118.168</ele>
        <time>2026-07-26T09:49:11Z</time>
      </trkpt>
      <trkpt lat="59.926777953132465" lon="10.716880559467361">
        <ele>118.261</ele>
        <time>2026-07-26T09:49:12Z</time>
      </trkpt>
      <trkpt lat="59.926788179473256" lon="10.716951920858918">
        <ele>118.34</ele>
        <time>2026-07-26T09:49:13Z</time>
      </trkpt>
      <trkpt lat="59.926804426355574" lon="10.717022872704179">
        <ele>118.311</ele>
        <time>2026-07-26T09:49:14Z</time>
      </trkpt>
      <trkpt lat="59.92682668403156" lon="10.717094589177821">
        <ele>118.266</ele>
        <time>2026-07-26T09:49:15Z</time>
      </trkpt>
      <trkpt lat="59.926853749874887" lon="10.717166098617971">
        <ele>118.259</ele>
        <time>2026-07-26T09:49:16Z</time>
      </trkpt>
      <trkpt lat="59.92688446546174" lon="10.717235811980213">
        <ele>118.243</ele>
        <time>2026-07-26T09:49:17Z</time>
      </trkpt>
      <trkpt lat="59.92691803790283" lon="10.717303781018154">
        <ele>118.209</ele>
        <time>2026-07-26T09:49:18Z</time>
      </trkpt>
      <trkpt lat="59.926953169762434" lon="10.717371442760108">
        <ele>118.195</ele>
        <time>2026-07-26T09:49:19Z</time>
      </trkpt>
      <trkpt lat="59.926989545087316" lon="10.71743961052433">
        <ele>118.168</ele>
        <time>2026-07-26T09:49:20Z</time>
      </trkpt>
      <trkpt lat="59.927026410704194" lon="10.717507398804159">
        <ele>118.152</ele>
        <time>2026-07-26T09:49:21Z</time>
      </trkpt>
      <trkpt lat="59.927062497500145" lon="10.717573886597934">
        <ele>118.141</ele>
        <time>2026-07-26T09:49:22Z</time>
      </trkpt>
      <trkpt lat="59.927096900707845" lon="10.717637382696967">
        <ele>118.104</ele>
        <time>2026-07-26T09:49:23Z</time>
      </trkpt>
      <trkpt lat="59.927129123410964" lon="10.717695346515089">
        <ele>118.068</ele>
        <time>2026-07-26T09:49:24Z</time>
      </trkpt>
      <trkpt lat="59.927159582845249" lon="10.717750443171655">
        <ele>118.042</ele>
        <time>2026-07-26T09:49:25Z</time>
      </trkpt>
      <trkpt lat="59.927188733687046" lon="10.717805362740966">
        <ele>117.98</ele>
        <time>2026-07-26T09:49:26Z</time>
      </trkpt>
      <trkpt lat="59.927216980086797" lon="10.717860753953877">
        <ele>117.953</ele>
        <time>2026-07-26T09:49:27Z</time>
      </trkpt>
      <trkpt lat="59.927244615401683" lon="10.7179169812272">
        <ele>117.934</ele>
        <time>2026-07-26T09:49:28Z</time>
      </trkpt>
      <trkpt lat="59.927271615998755" lon="10.717974598380202">
        <ele>117.919</ele>
        <time>2026-07-26T09:49:29Z</time>
      </trkpt>
      <trkpt lat="59.927298345168744" lon="10.718033060816841">
        <ele>117.938</ele>
        <time>2026-07-26T09:49:30Z</time>
      </trkpt>
      <trkpt lat="59.927325604096531" lon="10.718091829068378">
        <ele>117.959</ele>
        <time>2026-07-26T09:49:31Z</time>
      </trkpt>
      <trkpt lat="59.927353776972403" lon="10.718150392417224">
        <ele>118.05</ele>
        <time>2026-07-26T09:49:32Z</time>
      </trkpt>
      <trkpt lat="59.927382744946009" lon="10.718208367173872">
        <ele>118.157</ele>
        <time>2026-07-26T09:49:33Z</time>
      </trkpt>
      <trkpt lat="59.927411817065753" lon="10.718264970017236">
        <ele>118.247</ele>
        <time>2026-07-26T09:49:34Z</time>
      </trkpt>
      <trkpt lat="59.927440152708172" lon="10.718321160521677">
        <ele>118.302</ele>
        <time>2026-07-26T09:49:35Z</time>
      </trkpt>
      <trkpt lat="59.927468053476318" lon="10.718376506459313">
        <ele>118.387</ele>
        <time>2026-07-26T09:49:36Z</time>
      </trkpt>
      <trkpt lat="59.927495046578301" lon="10.718433275342949">
        <ele>118.453</ele>
        <time>2026-07-26T09:49:37Z</time>
      </trkpt>
      <trkpt lat="59.927521761848531" lon="10.718491082447462">
        <ele>118.499</ele>
        <time>2026-07-26T09:49:38Z</time>
      </trkpt>
      <trkpt lat="59.927550154193618" lon="10.718550234445209">
        <ele>118.513</ele>
        <time>2026-07-26T09:49:39Z</time>
      </trkpt>
      <trkpt lat="59.927578667473512" lon="10.71861041169916">
        <ele>118.567</ele>
        <time>2026-07-26T09:49:40Z</time>
      </trkpt>
      <trkpt lat="59.927607020646406" lon="10.71867019820416">
        <ele>118.624</ele>
        <time>2026-07-26T09:49:41Z</time>
      </trkpt>
      <trkpt lat="59.927635475451929" lon="10.718728857734076">
        <ele>118.707</ele>
        <time>2026-07-26T09:49:42Z</time>
      </trkpt>
      <trkpt lat="59.927662992448866" lon="10.718784395462349">
        <ele>118.79</ele>
        <time>2026-07-26T09:49:43Z</time>
      </trkpt>
      <trkpt lat="59.927688234000826" lon="10.718834459808013">
        <ele>118.947</ele>
        <time>2026-07-26T09:49:44Z</time>
      </trkpt>
      <trkpt lat="59.927710550833979" lon="10.718878176719452">
        <ele>119.039</ele>
        <time>2026-07-26T09:49:45Z</time>
      </trkpt>
      <trkpt lat="59.927728860371637" lon="10.718913873177703">
        <ele>119.156</ele>
        <time>2026-07-26T09:49:46Z</time>
      </trkpt>
      <trkpt lat="59.927743147765469" lon="10.718943681701013">
        <ele>119.344</ele>
        <time>2026-07-26T09:49:47Z</time>
      </trkpt>
      <trkpt lat="59.927752698380502" lon="10.718968726850138">
        <ele>119.5</ele>
        <time>2026-07-26T09:49:49Z</time>
      </trkpt>
      <trkpt lat="59.927758437889963" lon="10.718985319500231">
        <ele>119.671</ele>
        <time>2026-07-26T09:49:54Z</time>
      </trkpt>
      <trkpt lat="59.927760482595687" lon="10.718993460443265">
        <ele>119.805</ele>
        <time>2026-07-26T09:49:56Z</time>
      </trkpt>
    </trkseg>
  </trk>
</gpx>
